laptop_ID,Company,TypeName,Inches,OpSys,Touchscreen,IPS,ResX,ResY,PPI,Cpu_brand,Cpu_family,Cpu_speed,Gpu_brand,Gpu_dedicated,HDD,SSD,Flash,Hybrid,Total_Storage,Ram_GB,Weight_kg,Cpu_gen,Gpu_model_num,Gpu_is_integrated,Cpu_power,Gpu_power,Has_SSD,Has_HDD,Storage_speed,Weight_per_inch,Ram_per_kg,Weight_norm,Ram_norm,Company_category,OS_category
209,Lenovo,Gaming,15.6,No OS,0,0,1920.0,1080.0,141.21199808219862,Intel,i7,2.8,Nvidia,1,0.0,512.0,0.0,0.0,512.0,16,2.4,77.0,1060.0,0,215.6,1060.0,1,0,2,0.15384615384615385,6.666666666666667,0.5217391304347826,0.5,Business,Other
1281,Acer,Notebook,15.6,Linux,0,0,1366.0,768.0,100.45466986113651,Intel,Celeron,1.6,Intel,0,500.0,0.0,0.0,0.0,500.0,4,2.4,30.0,400.0,1,48.0,0.0,0,1,1,0.15384615384615385,1.6666666666666667,0.5217391304347826,0.125,Budget,Linux
1168,Lenovo,Notebook,15.6,No OS,0,0,1366.0,768.0,100.45466986113651,Intel,i3,2.0,Intel,0,1000.0,0.0,0.0,0.0,1000.0,4,1.9,60.0,520.0,1,120.0,0.0,0,1,1,0.12179487179487179,2.1052631578947367,0.41304347826086957,0.125,Business,Other
1231,Dell,2 in 1 Convertible,15.6,Windows 10,1,1,1920.0,1080.0,141.21199808219862,Intel,i5,2.5,Intel,0,0.0,256.0,0.0,0.0,256.0,8,2.191,72.0,620.0,1,180.0,0.0,1,0,2,0.14044871794871794,3.651300775901415,0.47630434782608694,0.25,Business,Windows
1020,HP,Notebook,14.0,Windows 10,0,0,1920.0,1080.0,157.3505121487356,Intel,i5,2.5,Intel,0,0.0,256.0,0.0,0.0,256.0,4,1.95,72.0,620.0,1,180.0,0.0,1,0,2,0.1392857142857143,2.0512820512820515,0.4239130434782609,0.125,Business,Windows
379,Lenovo,Notebook,17.3,Windows 10,0,0,1600.0,900.0,106.11306214269258,AMD,Other,2.2,AMD,1,0.0,128.0,0.0,0.0,128.0,4,2.6,74.0,0.0,0,162.8,0.0,1,0,2,0.15028901734104047,1.5384615384615383,0.5652173913043479,0.125,Business,Windows
553,Lenovo,Notebook,14.0,Windows 10,0,0,1920.0,1080.0,157.3505121487356,Intel,i5,2.5,Intel,0,500.0,0.0,0.0,0.0,500.0,4,1.87,72.0,620.0,1,180.0,0.0,0,1,1,0.1335714285714286,2.13903743315508,0.4065217391304348,0.125,Business,Windows
172,Acer,Notebook,17.3,Windows 10,0,1,1920.0,1080.0,127.33567457123111,Intel,i5,1.6,Nvidia,1,0.0,256.0,0.0,0.0,256.0,8,3.0,82.0,150.0,0,131.20000000000002,150.0,1,0,2,0.17341040462427745,2.6666666666666665,0.6521739130434783,0.25,Budget,Windows
779,Dell,Notebook,15.6,Windows 10,0,0,1920.0,1080.0,141.21199808219862,Intel,i7,2.7,AMD,1,0.0,256.0,0.0,0.0,256.0,16,2.3,75.0,445.0,0,202.5,445.0,1,0,2,0.14743589743589744,6.9565217391304355,0.5,0.5,Business,Windows
609,Acer,Notebook,14.0,Windows 10,0,0,1920.0,1080.0,157.3505121487356,Intel,Celeron,1.1,Intel,0,0.0,0.0,32.0,0.0,32.0,4,1.6,34.0,500.0,1,37.400000000000006,0.0,0,0,0,0.1142857142857143,2.5,0.3478260869565218,0.125,Budget,Windows
256,Asus,Gaming,17.3,Windows 10,0,0,1920.0,1080.0,127.33567457123111,Intel,i7,2.8,Nvidia,1,1000.0,256.0,0.0,0.0,1256.0,16,4.3,77.0,980.0,0,215.6,980.0,1,1,3,0.24855491329479767,3.7209302325581395,0.9347826086956522,0.5,Budget,Windows
117,Dell,Ultrabook,13.3,Windows 10,0,1,1920.0,1080.0,165.6321180513006,Intel,i5,1.6,Intel,0,0.0,256.0,0.0,0.0,256.0,8,1.21,82.0,620.0,1,131.20000000000002,0.0,1,0,2,0.09097744360902255,6.6115702479338845,0.2630434782608696,0.25,Business,Windows
283,Lenovo,Notebook,17.3,Windows 10,0,0,1600.0,900.0,106.11306214269258,Intel,i3,0.0,Intel,0,1000.0,0.0,0.0,0.0,1000.0,4,2.8,60.0,520.0,1,0.0,0.0,0,1,1,0.16184971098265893,1.4285714285714286,0.6086956521739131,0.125,Business,Windows
1195,Lenovo,Gaming,15.6,Windows 10,0,1,1920.0,1080.0,141.21199808219862,Intel,i7,2.6,Nvidia,1,0.0,512.0,0.0,0.0,512.0,16,3.31,67.0,960.0,0,174.20000000000002,960.0,1,0,2,0.21217948717948718,4.833836858006042,0.7195652173913044,0.5,Business,Windows
588,Dell,Notebook,15.6,Windows 10,0,0,1366.0,768.0,100.45466986113651,Intel,i5,2.6,Intel,0,500.0,0.0,0.0,0.0,500.0,8,1.9,73.0,620.0,1,189.8,0.0,0,1,1,0.12179487179487179,4.2105263157894735,0.41304347826086957,0.25,Business,Windows
743,Lenovo,Notebook,15.6,Windows 10,0,0,1920.0,1080.0,141.21199808219862,Intel,i7,2.7,Intel,0,1000.0,0.0,0.0,0.0,1000.0,4,1.85,75.0,620.0,1,202.5,0.0,0,1,1,0.1185897435897436,2.162162162162162,0.4021739130434783,0.125,Business,Windows
715,Lenovo,Workstation,15.6,Windows 7,0,0,1920.0,1080.0,141.21199808219862,Intel,i7,2.5,Nvidia,1,0.0,512.0,0.0,0.0,512.0,16,2.18,65.0,520.0,0,162.5,520.0,1,0,2,0.13974358974358975,7.339449541284403,0.47391304347826096,0.5,Business,Windows
160,Asus,2 in 1 Convertible,13.3,Windows 10,1,0,1920.0,1080.0,165.6321180513006,Intel,i5,1.6,Intel,0,0.0,256.0,0.0,0.0,256.0,8,1.1,82.0,620.0,1,131.20000000000002,0.0,1,0,2,0.08270676691729323,7.2727272727272725,0.23913043478260873,0.25,Budget,Windows
1021,HP,Ultrabook,14.0,Windows 7,0,0,1920.0,1080.0,157.3505121487356,Intel,i7,2.6,Intel,0,0.0,256.0,0.0,0.0,256.0,8,1.43,66.0,520.0,1,171.6,0.0,1,0,2,0.10214285714285713,5.594405594405595,0.31086956521739134,0.25,Business,Windows
49,Dell,Notebook,15.6,Windows 10,0,0,1920.0,1080.0,141.21199808219862,Intel,i5,2.5,AMD,1,0.0,256.0,0.0,0.0,256.0,4,2.3,72.0,430.0,0,180.0,430.0,1,0,2,0.14743589743589744,1.7391304347826089,0.5,0.125,Business,Windows
690,Dell,Gaming,15.6,Windows 10,0,0,1920.0,1080.0,141.21199808219862,Intel,i5,2.5,Nvidia,1,1000.0,128.0,0.0,0.0,1128.0,16,3.21,73.0,1060.0,0,182.5,1060.0,1,1,3,0.20576923076923076,4.984423676012461,0.6978260869565218,0.5,Business,Windows
1135,Vero,Notebook,13.3,Windows 10,0,0,1920.0,1080.0,165.6321180513006,Intel,Atom,1.44,Intel,0,0.0,0.0,32.0,0.0,32.0,4,1.35,83.0,400.0,1,119.52,0.0,0,0,0,0.10150375939849623,2.962962962962963,0.29347826086956524,0.125,Budget,Windows
852,HP,Notebook,17.3,Windows 10,0,0,1600.0,900.0,106.11306214269258,Intel,i5,2.5,Nvidia,1,1000.0,0.0,0.0,0.0,1000.0,8,2.63,72.0,930.0,0,180.0,930.0,0,1,1,0.15202312138728322,3.0418250950570345,0.5717391304347826,0.25,Business,Windows
857,Asus,Ultrabook,13.3,Windows 10,0,1,1920.0,1080.0,165.6321180513006,Intel,i5,2.3,Nvidia,1,0.0,512.0,0.0,0.0,512.0,8,1.45,62.0,940.0,0,142.6,940.0,1,0,2,0.10902255639097744,5.517241379310345,0.31521739130434784,0.25,Budget,Windows
210,Dell,Notebook,15.6,Windows 10,1,0,1366.0,768.0,100.45466986113651,Intel,i3,2.4,Intel,0,1000.0,0.0,0.0,0.0,1000.0,6,2.3,71.0,620.0,1,170.4,0.0,0,1,1,0.14743589743589744,2.608695652173913,0.5,0.1875,Business,Windows
485,Dell,Notebook,15.6,Windows 10,0,0,1920.0,1080.0,141.21199808219862,Intel,i5,1.6,AMD,1,1000.0,0.0,0.0,0.0,1000.0,8,2.2,82.0,520.0,0,131.20000000000002,520.0,0,1,1,0.14102564102564105,3.6363636363636362,0.47826086956521746,0.25,Business,Windows
560,HP,Notebook,17.3,Windows 10,0,0,1600.0,900.0,106.11306214269258,Intel,i3,0.0,Intel,0,1000.0,0.0,0.0,0.0,1000.0,8,2.65,60.0,520.0,1,0.0,0.0,0,1,1,0.15317919075144507,3.018867924528302,0.5760869565217391,0.25,Business,Windows
1209,Samsung,2 in 1 Convertible,12.3,Chrome OS,1,1,2400.0,1600.0,234.50740003017813,Samsung,Other,2.0,ARM,1,0.0,0.0,32.0,0.0,32.0,4,1.15,72.0,860.0,0,144.0,860.0,0,0,0,0.09349593495934957,3.4782608695652177,0.25,0.125,Budget,Other
953,Dell,Gaming,17.3,Windows 10,0,0,2560.0,1440.0,169.78089942830815,Intel,i7,2.7,Nvidia,1,1000.0,512.0,0.0,0.0,1512.0,16,4.36,68.0,1080.0,0,183.60000000000002,1080.0,1,1,3,0.2520231213872832,3.6697247706422016,0.9478260869565219,0.5,Business,Windows
460,Lenovo,Notebook,14.0,Windows 10,0,0,1920.0,1080.0,157.3505121487356,Intel,i5,2.5,Intel,0,0.0,256.0,0.0,0.0,256.0,8,1.65,72.0,620.0,1,180.0,0.0,1,0,2,0.11785714285714285,4.848484848484849,0.358695652173913,0.25,Business,Windows
1092,MSI,Gaming,17.3,Windows 10,0,0,1920.0,1080.0,127.33567457123111,Intel,i7,2.8,Nvidia,1,1000.0,256.0,0.0,0.0,1256.0,16,3.78,77.0,1070.0,0,215.6,1070.0,1,1,3,0.21849710982658957,4.2328042328042335,0.8217391304347826,0.5,Budget,Windows
152,Acer,Notebook,15.6,Windows 10,0,0,1366.0,768.0,100.45466986113651,Intel,i3,0.0,Intel,0,1000.0,0.0,0.0,0.0,1000.0,4,2.1,60.0,520.0,1,0.0,0.0,0,1,1,0.13461538461538464,1.9047619047619047,0.4565217391304348,0.125,Budget,Windows
806,Dell,Notebook,15.6,Windows 10,0,0,1366.0,768.0,100.45466986113651,Intel,i5,2.5,Intel,0,0.0,128.0,0.0,0.0,128.0,8,1.95,72.0,620.0,1,180.0,0.0,1,0,2,0.125,4.102564102564103,0.4239130434782609,0.25,Business,Windows
986,Dell,Gaming,17.3,Windows 10,0,0,1920.0,1080.0,127.33567457123111,Intel,i7,2.6,Nvidia,1,1000.0,256.0,0.0,0.0,1256.0,32,4.42,67.0,1070.0,0,174.20000000000002,1070.0,1,1,3,0.25549132947976877,7.239819004524887,0.9608695652173913,1.0,Business,Windows
917,LG,Ultrabook,15.6,Windows 10,1,1,1920.0,1080.0,141.21199808219862,Intel,i7,2.7,Intel,0,0.0,512.0,0.0,0.0,512.0,16,1.08,75.0,620.0,1,202.5,0.0,1,0,2,0.06923076923076923,14.814814814814813,0.2347826086956522,0.5,Budget,Windows
408,Asus,Gaming,17.3,Windows 10,0,0,1920.0,1080.0,127.33567457123111,Intel,i7,2.8,Nvidia,1,1000.0,256.0,0.0,0.0,1256.0,16,2.9,77.0,1050.0,0,215.6,1050.0,1,1,3,0.1676300578034682,5.517241379310345,0.6304347826086957,0.5,Budget,Windows
942,Dell,Notebook,15.6,Windows 10,0,0,1366.0,768.0,100.45466986113651,Intel,i5,2.5,Intel,0,1000.0,0.0,0.0,0.0,1000.0,4,2.18,72.0,620.0,1,180.0,0.0,0,1,1,0.13974358974358975,1.8348623853211008,0.47391304347826096,0.125,Business,Windows
959,Lenovo,Gaming,15.6,Windows 10,0,1,1920.0,1080.0,141.21199808219862,AMD,Other,2.1,AMD,1,1000.0,512.0,0.0,0.0,1512.0,16,2.5,88.0,385.0,0,184.8,385.0,1,1,3,0.16025641025641027,6.4,0.5434782608695653,0.5,Business,Windows
461,Dell,Notebook,15.6,Windows 10,0,0,1920.0,1080.0,141.21199808219862,Intel,i7,1.8,AMD,1,1000.0,128.0,0.0,0.0,1128.0,8,2.36,85.0,530.0,0,153.0,530.0,1,1,3,0.15128205128205127,3.3898305084745766,0.5130434782608696,0.25,Business,Windows
858,HP,2 in 1 Convertible,13.3,Windows 10,1,0,1920.0,1080.0,165.6321180513006,Intel,i5,2.5,Intel,0,0.0,256.0,0.0,0.0,256.0,8,1.28,72.0,620.0,1,180.0,0.0,1,0,2,0.09624060150375939,6.25,0.2782608695652174,0.25,Business,Windows
329,HP,Notebook,15.6,Windows 10,0,1,1366.0,768.0,100.45466986113651,Intel,i7,1.8,Intel,0,1000.0,0.0,0.0,0.0,1000.0,8,2.1,85.0,620.0,1,153.0,0.0,0,1,1,0.13461538461538464,3.8095238095238093,0.4565217391304348,0.25,Business,Windows
1293,Asus,Ultrabook,13.3,Windows 10,0,1,1920.0,1080.0,165.6321180513006,Intel,Other,0.9,Intel,0,0.0,512.0,0.0,0.0,512.0,8,1.2,72.0,515.0,1,64.8,0.0,1,0,2,0.09022556390977443,6.666666666666667,0.2608695652173913,0.25,Budget,Windows
1284,HP,Notebook,15.6,Windows 10,0,0,1920.0,1080.0,141.21199808219862,AMD,Other,2.9,AMD,1,0.0,0.0,0.0,1.0,1.0,6,2.04,94.0,440.0,0,272.59999999999997,440.0,0,0,0,0.13076923076923078,2.941176470588235,0.44347826086956527,0.1875,Business,Windows
628,Lenovo,Notebook,14.0,Windows 7,0,0,1920.0,1080.0,157.3505121487356,Intel,i5,2.3,Intel,0,0.0,256.0,0.0,0.0,256.0,8,1.65,62.0,520.0,1,142.6,0.0,1,0,2,0.11785714285714285,4.848484848484849,0.358695652173913,0.25,Business,Windows
262,HP,Notebook,17.3,Windows 10,0,1,1920.0,1080.0,127.33567457123111,Intel,i7,1.8,Nvidia,1,1000.0,0.0,0.0,0.0,1000.0,16,2.9,85.0,150.0,0,153.0,150.0,0,1,1,0.1676300578034682,5.517241379310345,0.6304347826086957,0.5,Business,Windows
933,MSI,Gaming,15.6,Windows 10,0,0,1920.0,1080.0,141.21199808219862,Intel,i5,2.5,Nvidia,1,1000.0,128.0,0.0,0.0,1128.0,8,2.2,73.0,1050.0,0,182.5,1050.0,1,1,3,0.14102564102564105,3.6363636363636362,0.47826086956521746,0.25,Budget,Windows
676,Toshiba,Notebook,15.6,Windows 10,0,1,1920.0,1080.0,141.21199808219862,Intel,i5,2.5,Intel,0,0.0,256.0,0.0,0.0,256.0,8,2.0,72.0,620.0,1,180.0,0.0,1,0,2,0.12820512820512822,4.0,0.4347826086956522,0.25,Budget,Windows
608,HP,Notebook,15.6,Windows 10,0,0,1366.0,768.0,100.45466986113651,Intel,i3,2.4,Intel,0,500.0,0.0,0.0,0.0,500.0,4,2.1,71.0,620.0,1,170.4,0.0,0,1,1,0.13461538461538464,1.9047619047619047,0.4565217391304348,0.125,Business,Windows
125,Lenovo,Notebook,15.6,No OS,0,0,1920.0,1080.0,141.21199808219862,Intel,i5,2.5,Nvidia,1,0.0,256.0,0.0,0.0,256.0,8,2.2,72.0,940.0,0,180.0,940.0,1,0,2,0.14102564102564105,3.6363636363636362,0.47826086956521746,0.25,Business,Other
450,Lenovo,Notebook,15.6,Windows 10,0,0,1920.0,1080.0,141.21199808219862,Intel,Pentium,1.1,Intel,0,0.0,128.0,0.0,0.0,128.0,4,2.2,42.0,505.0,1,46.2,0.0,1,0,2,0.14102564102564105,1.8181818181818181,0.47826086956521746,0.125,Business,Windows
67,Asus,Ultrabook,15.6,Windows 10,0,0,1920.0,1080.0,141.21199808219862,Intel,i7,2.8,Nvidia,1,0.0,512.0,0.0,0.0,512.0,16,1.8,77.0,1050.0,0,215.6,1050.0,1,0,2,0.11538461538461539,8.88888888888889,0.391304347826087,0.5,Budget,Windows
93,Acer,Notebook,15.6,Windows 10,0,0,1920.0,1080.0,141.21199808219862,Intel,i7,1.8,Nvidia,1,1000.0,0.0,0.0,0.0,1000.0,8,2.2,85.0,150.0,0,153.0,150.0,0,1,1,0.14102564102564105,3.6363636363636362,0.47826086956521746,0.25,Budget,Windows
769,Lenovo,Gaming,15.6,Windows 10,0,1,1920.0,1080.0,141.21199808219862,Intel,i7,2.8,Nvidia,1,1000.0,128.0,0.0,0.0,1128.0,8,2.5,77.0,1050.0,0,215.6,1050.0,1,1,3,0.16025641025641027,3.2,0.5434782608695653,0.25,Business,Windows
1070,HP,Notebook,15.6,No OS,0,0,1366.0,768.0,100.45466986113651,Intel,i5,2.5,Intel,0,500.0,0.0,0.0,0.0,500.0,4,1.96,72.0,620.0,1,180.0,0.0,0,1,1,0.12564102564102564,2.0408163265306123,0.42608695652173917,0.125,Business,Other
1162,HP,2 in 1 Convertible,13.3,Windows 10,1,0,2560.0,1440.0,220.84282406840083,Intel,i7,2.6,Intel,0,0.0,256.0,0.0,0.0,256.0,8,1.48,66.0,520.0,1,171.6,0.0,1,0,2,0.1112781954887218,5.405405405405405,0.32173913043478264,0.25,Business,Windows
594,Lenovo,Ultrabook,14.0,Windows 10,0,1,1920.0,1080.0,157.3505121487356,Intel,i7,2.6,Intel,0,0.0,256.0,0.0,0.0,256.0,12,1.4,66.0,520.0,1,171.6,0.0,1,0,2,0.09999999999999999,8.571428571428571,0.30434782608695654,0.375,Business,Windows
288,Lenovo,Notebook,15.6,Windows 10,0,0,1920.0,1080.0,141.21199808219862,Intel,i5,2.5,Intel,0,0.0,256.0,0.0,0.0,256.0,6,2.2,72.0,620.0,1,180.0,0.0,1,0,2,0.14102564102564105,2.727272727272727,0.47826086956521746,0.1875,Business,Windows
273,HP,Notebook,17.3,Windows 10,0,0,1920.0,1080.0,127.33567457123111,Intel,i7,1.8,Nvidia,1,1000.0,0.0,0.0,0.0,1000.0,8,2.5,85.0,930.0,0,153.0,930.0,0,1,1,0.1445086705202312,3.2,0.5434782608695653,0.25,Business,Windows
355,Dell,Ultrabook,15.6,Windows 10,0,0,1920.0,1080.0,141.21199808219862,Intel,i5,1.6,AMD,1,1000.0,0.0,0.0,0.0,1000.0,8,1.9,82.0,530.0,0,131.20000000000002,530.0,0,1,1,0.12179487179487179,4.2105263157894735,0.41304347826086957,0.25,Business,Windows
717,HP,Notebook,17.3,Windows 10,0,1,1920.0,1080.0,127.33567457123111,AMD,Other,2.5,AMD,1,2000.0,0.0,0.0,0.0,2000.0,6,2.71,96.0,530.0,0,240.0,530.0,0,1,1,0.15664739884393064,2.2140221402214024,0.5891304347826087,0.1875,Business,Windows
18,Apple,Ultrabook,15.4,macOS,0,1,2880.0,1800.0,220.53462386625827,Intel,i7,2.9,AMD,1,0.0,512.0,0.0,0.0,512.0,16,1.83,72.0,560.0,0,208.79999999999998,560.0,1,0,2,0.11883116883116883,8.743169398907103,0.3978260869565218,0.5,Premium,macOS
804,Lenovo,2 in 1 Convertible,14.0,Windows 10,1,1,2560.0,1440.0,209.8006828649808,Intel,i5,2.5,Intel,0,0.0,256.0,0.0,0.0,256.0,8,1.42,72.0,620.0,1,180.0,0.0,1,0,2,0.10142857142857142,5.633802816901409,0.30869565217391304,0.25,Business,Windows
60,Asus,Notebook,15.6,Linux,0,0,1920.0,1080.0,141.21199808219862,Intel,i3,0.0,Intel,0,0.0,256.0,0.0,0.0,256.0,4,2.0,60.0,520.0,1,0.0,0.0,1,0,2,0.12820512820512822,2.0,0.4347826086956522,0.125,Budget,Linux
186,Lenovo,2 in 1 Convertible,13.9,Windows 10,1,1,3840.0,2160.0,316.96506044349616,Intel,i7,1.8,Intel,0,0.0,512.0,0.0,0.0,512.0,16,1.4,85.0,620.0,1,153.0,0.0,1,0,2,0.10071942446043164,11.428571428571429,0.30434782608695654,0.5,Business,Windows
298,Dell,Notebook,15.6,Windows 10,0,0,1920.0,1080.0,141.21199808219862,Intel,i7,2.8,Nvidia,1,0.0,256.0,0.0,0.0,256.0,8,2.0,77.0,1050.0,0,215.6,1050.0,1,0,2,0.12820512820512822,4.0,0.4347826086956522,0.25,Business,Windows
864,Lenovo,Ultrabook,14.0,Windows 10,0,1,1920.0,1080.0,157.3505121487356,Intel,i7,2.8,Nvidia,1,0.0,256.0,0.0,0.0,256.0,8,1.96,77.0,940.0,0,215.6,940.0,1,0,2,0.13999999999999999,4.081632653061225,0.42608695652173917,0.25,Business,Windows
1026,HP,Notebook,14.0,Windows 10,0,0,1920.0,1080.0,157.3505121487356,Intel,i5,2.5,Intel,0,0.0,256.0,0.0,0.0,256.0,4,1.48,72.0,620.0,1,180.0,0.0,1,0,2,0.10571428571428572,2.7027027027027026,0.32173913043478264,0.125,Business,Windows
240,Dell,Notebook,15.6,Linux,0,0,1920.0,1080.0,141.21199808219862,Intel,i7,2.7,AMD,1,0.0,256.0,0.0,0.0,256.0,16,2.36,75.0,445.0,0,202.5,445.0,1,0,2,0.15128205128205127,6.779661016949153,0.5130434782608696,0.5,Business,Linux
875,Dell,Ultrabook,13.3,Windows 10,1,0,3200.0,1800.0,276.053530085501,Intel,i7,2.5,Intel,0,0.0,512.0,0.0,0.0,512.0,16,1.29,76.0,640.0,1,190.0,0.0,1,0,2,0.09699248120300752,12.403100775193797,0.2804347826086957,0.5,Business,Windows
276,Asus,Gaming,17.3,Windows 10,0,0,1920.0,1080.0,127.33567457123111,AMD,Ryzen,0.0,AMD,1,1000.0,256.0,0.0,0.0,1256.0,16,3.2,17.0,580.0,0,0.0,580.0,1,1,3,0.18497109826589594,5.0,0.6956521739130436,0.5,Budget,Windows
939,Dell,Notebook,15.6,Windows 10,0,0,1366.0,768.0,100.45466986113651,Intel,i5,2.3,Intel,0,500.0,0.0,0.0,0.0,500.0,4,1.95,62.0,520.0,1,142.6,0.0,0,1,1,0.125,2.0512820512820515,0.4239130434782609,0.125,Business,Windows
436,Mediacom,2 in 1 Convertible,11.6,Windows 10,1,1,1920.0,1080.0,189.90579052433606,Intel,Celeron,1.1,Intel,0,0.0,32.0,0.0,0.0,32.0,4,1.16,33.0,500.0,1,36.300000000000004,0.0,1,0,2,0.09999999999999999,3.4482758620689657,0.25217391304347825,0.125,Budget,Windows
702,Toshiba,Notebook,13.3,Windows 10,0,1,1920.0,1080.0,165.6321180513006,Intel,i5,2.5,Intel,0,0.0,256.0,0.0,0.0,256.0,8,1.5,72.0,620.0,1,180.0,0.0,1,0,2,0.11278195488721804,5.333333333333333,0.32608695652173914,0.25,Budget,Windows
938,Lenovo,2 in 1 Convertible,13.3,Windows 10,1,1,1920.0,1080.0,165.6321180513006,Intel,i5,2.5,Intel,0,0.0,512.0,0.0,0.0,512.0,8,1.37,72.0,620.0,1,180.0,0.0,1,0,2,0.10300751879699248,5.839416058394161,0.2978260869565218,0.25,Business,Windows
558,Dell,Notebook,15.6,Windows 10,0,0,1920.0,1080.0,141.21199808219862,Intel,i5,2.5,Intel,0,0.0,256.0,0.0,0.0,256.0,8,1.9,72.0,620.0,1,180.0,0.0,1,0,2,0.12179487179487179,4.2105263157894735,0.41304347826086957,0.25,Business,Windows
527,Lenovo,Gaming,15.6,Windows 10,0,1,1920.0,1080.0,141.21199808219862,Intel,i7,2.8,Nvidia,1,1000.0,256.0,0.0,0.0,1256.0,8,3.2,77.0,1060.0,0,215.6,1060.0,1,1,3,0.20512820512820515,2.5,0.6956521739130436,0.25,Business,Windows
624,HP,Ultrabook,15.6,Windows 10,0,0,1920.0,1080.0,141.21199808219862,Intel,i7,2.7,Intel,0,0.0,512.0,0.0,0.0,512.0,8,1.84,75.0,620.0,1,202.5,0.0,1,0,2,0.11794871794871796,4.3478260869565215,0.4,0.25,Business,Windows
1128,HP,Ultrabook,13.3,Windows 10,0,0,1920.0,1080.0,165.6321180513006,Intel,i7,2.5,Intel,0,0.0,512.0,0.0,0.0,512.0,8,1.16,65.0,520.0,1,162.5,0.0,1,0,2,0.08721804511278194,6.8965517241379315,0.25217391304347825,0.25,Business,Windows
844,Dell,Gaming,15.6,Windows 10,0,0,1920.0,1080.0,141.21199808219862,Intel,i7,2.8,Nvidia,1,1000.0,256.0,0.0,0.0,1256.0,16,3.21,77.0,1070.0,0,215.6,1070.0,1,1,3,0.20576923076923076,4.984423676012461,0.6978260869565218,0.5,Business,Windows
811,Dell,Ultrabook,13.3,Windows 10,0,0,1920.0,1080.0,165.6321180513006,Intel,i5,2.5,Intel,0,0.0,256.0,0.0,0.0,256.0,8,1.29,72.0,620.0,1,180.0,0.0,1,0,2,0.09699248120300752,6.201550387596899,0.2804347826086957,0.25,Business,Windows
129,HP,Notebook,14.0,Windows 10,0,0,1920.0,1080.0,157.3505121487356,Intel,i5,1.6,Intel,0,1000.0,0.0,0.0,0.0,1000.0,8,1.63,82.0,620.0,1,131.20000000000002,0.0,0,1,1,0.11642857142857142,4.9079754601226995,0.35434782608695653,0.25,Business,Windows
994,Dell,2 in 1 Convertible,15.6,Windows 10,1,1,1920.0,1080.0,141.21199808219862,Intel,i7,2.7,Intel,0,0.0,512.0,0.0,0.0,512.0,12,2.19,75.0,620.0,1,202.5,0.0,1,0,2,0.14038461538461539,5.47945205479452,0.47608695652173916,0.375,Business,Windows
445,Lenovo,Ultrabook,14.0,Windows 10,0,0,2560.0,1440.0,209.8006828649808,Intel,i7,2.7,Intel,0,0.0,512.0,0.0,0.0,512.0,24,1.32,75.0,620.0,1,202.5,0.0,1,0,2,0.09428571428571429,18.18181818181818,0.28695652173913044,0.75,Business,Windows
1051,Toshiba,Ultrabook,14.0,Windows 10,0,1,1920.0,1080.0,157.3505121487356,Intel,i7,2.6,Intel,0,0.0,256.0,0.0,0.0,256.0,8,1.47,66.0,520.0,1,171.6,0.0,1,0,2,0.105,5.442176870748299,0.3195652173913044,0.25,Budget,Windows
937,Toshiba,Notebook,15.6,Windows 10,0,1,1920.0,1080.0,141.21199808219862,Intel,i7,2.6,Nvidia,1,0.0,256.0,0.0,0.0,256.0,16,2.4,66.0,930.0,0,171.6,930.0,1,0,2,0.15384615384615385,6.666666666666667,0.5217391304347826,0.5,Budget,Windows
1073,MSI,Gaming,15.6,Windows 10,0,0,1920.0,1080.0,141.21199808219862,Intel,i7,2.6,Nvidia,1,1000.0,256.0,0.0,0.0,1256.0,16,2.94,67.0,1060.0,0,174.20000000000002,1060.0,1,1,3,0.18846153846153846,5.442176870748299,0.6391304347826088,0.5,Budget,Windows
382,Lenovo,Netbook,11.6,Windows 10,0,1,1366.0,768.0,135.0942111925629,Intel,Celeron,1.1,Intel,0,0.0,128.0,0.0,0.0,128.0,4,1.59,34.0,500.0,1,37.400000000000006,0.0,1,0,2,0.1370689655172414,2.5157232704402515,0.34565217391304354,0.125,Business,Windows
765,HP,Notebook,15.6,Windows 10,0,1,1920.0,1080.0,141.21199808219862,Intel,i5,2.5,Nvidia,1,1000.0,128.0,0.0,0.0,1128.0,8,2.2,73.0,1050.0,0,182.5,1050.0,1,1,3,0.14102564102564105,3.6363636363636362,0.47826086956521746,0.25,Business,Windows
159,Lenovo,2 in 1 Convertible,14.0,Windows 10,1,1,1920.0,1080.0,157.3505121487356,Intel,i3,2.4,Intel,0,0.0,256.0,0.0,0.0,256.0,4,1.74,71.0,620.0,1,170.4,0.0,1,0,2,0.12428571428571429,2.2988505747126435,0.37826086956521743,0.125,Business,Windows
998,Toshiba,Notebook,14.0,Windows 10,0,0,1366.0,768.0,111.93520355955211,Intel,i5,2.3,Intel,0,500.0,0.0,0.0,0.0,500.0,4,1.75,62.0,520.0,1,142.6,0.0,0,1,1,0.125,2.2857142857142856,0.3804347826086957,0.125,Budget,Windows
696,HP,Notebook,17.3,Windows 10,0,1,1920.0,1080.0,127.33567457123111,AMD,Other,2.4,AMD,1,2000.0,0.0,0.0,0.0,2000.0,6,2.65,96.0,440.0,0,230.39999999999998,440.0,0,1,1,0.15317919075144507,2.2641509433962264,0.5760869565217391,0.1875,Business,Windows
90,Asus,Gaming,15.6,Windows 10,0,1,1920.0,1080.0,141.21199808219862,Intel,i7,2.8,Nvidia,1,1000.0,128.0,0.0,0.0,1128.0,16,2.2,77.0,1060.0,0,215.6,1060.0,1,1,3,0.14102564102564105,7.2727272727272725,0.47826086956521746,0.5,Budget,Windows
1082,Dell,2 in 1 Convertible,13.3,Windows 10,1,0,1920.0,1080.0,165.6321180513006,Intel,i7,2.5,Intel,0,0.0,256.0,0.0,0.0,256.0,8,1.62,65.0,520.0,1,162.5,0.0,1,0,2,0.12180451127819548,4.938271604938271,0.35217391304347834,0.25,Business,Windows
913,Asus,Gaming,17.3,Windows 10,0,1,1920.0,1080.0,127.33567457123111,Intel,i7,2.7,Nvidia,1,0.0,512.0,0.0,0.0,512.0,32,3.58,68.0,980.0,0,183.60000000000002,980.0,1,0,2,0.2069364161849711,8.938547486033519,0.7782608695652175,1.0,Budget,Windows
252,Asus,Gaming,17.3,Windows 10,0,0,1920.0,1080.0,127.33567457123111,Intel,i7,2.9,Nvidia,1,0.0,256.0,0.0,0.0,256.0,16,3.6,78.0,1080.0,0,226.2,1080.0,1,0,2,0.20809248554913296,4.444444444444445,0.782608695652174,0.5,Budget,Windows
1183,Dell,Gaming,15.6,Windows 10,0,0,3840.0,2160.0,282.42399616439724,Intel,i7,2.8,Nvidia,1,1000.0,128.0,0.0,0.0,1128.0,8,2.62,77.0,1050.0,0,215.6,1050.0,1,1,3,0.16794871794871796,3.0534351145038165,0.5695652173913044,0.25,Business,Windows
589,HP,Notebook,13.3,Windows 10,0,0,1920.0,1080.0,165.6321180513006,Intel,i3,2.4,Intel,0,0.0,128.0,0.0,0.0,128.0,4,1.49,71.0,620.0,1,170.4,0.0,1,0,2,0.11203007518796992,2.684563758389262,0.3239130434782609,0.125,Business,Windows
962,Dell,Notebook,17.3,Windows 10,0,0,1600.0,900.0,106.11306214269258,Intel,i3,2.0,AMD,1,1000.0,0.0,0.0,0.0,1000.0,4,2.36,60.0,445.0,0,120.0,445.0,0,1,1,0.13641618497109825,1.6949152542372883,0.5130434782608696,0.125,Business,Windows
989,HP,Notebook,15.6,Windows 10,0,1,1920.0,1080.0,141.21199808219862,Intel,i5,2.7,Nvidia,1,1000.0,128.0,0.0,0.0,1128.0,8,2.04,72.0,930.0,0,194.4,930.0,1,1,3,0.13076923076923078,3.9215686274509802,0.44347826086956527,0.25,Business,Windows
361,Dell,Notebook,15.6,Windows 10,0,0,1920.0,1080.0,141.21199808219862,Intel,i7,1.8,AMD,1,2000.0,128.0,0.0,0.0,2128.0,8,2.02,85.0,530.0,0,153.0,530.0,1,1,3,0.1294871794871795,3.9603960396039604,0.4391304347826087,0.25,Business,Windows
849,Asus,Gaming,17.3,Windows 10,0,0,1920.0,1080.0,127.33567457123111,Intel,i7,2.6,Nvidia,1,1000.0,512.0,0.0,0.0,1512.0,16,2.73,67.0,1060.0,0,174.20000000000002,1060.0,1,1,3,0.1578034682080925,5.86080586080586,0.5934782608695652,0.5,Budget,Windows
1067,HP,Notebook,15.6,Windows 10,0,0,1366.0,768.0,100.45466986113651,Intel,i5,2.5,Intel,0,0.0,256.0,0.0,0.0,256.0,4,2.04,72.0,620.0,1,180.0,0.0,1,0,2,0.13076923076923078,1.9607843137254901,0.44347826086956527,0.125,Business,Windows
1,Apple,Ultrabook,13.3,macOS,0,1,2560.0,1600.0,226.98300468106115,Intel,i5,2.3,Intel,0,0.0,128.0,0.0,0.0,128.0,8,1.37,72.0,640.0,1,165.6,0.0,1,0,2,0.10300751879699248,5.839416058394161,0.2978260869565218,0.25,Premium,macOS
380,Dell,2 in 1 Convertible,13.3,Windows 10,1,0,1920.0,1080.0,165.6321180513006,Intel,i7,1.8,Intel,0,0.0,256.0,0.0,0.0,256.0,8,1.62,85.0,620.0,1,153.0,0.0,1,0,2,0.12180451127819548,4.938271604938271,0.35217391304347834,0.25,Business,Windows
344,Asus,Notebook,15.6,Linux,0,0,1366.0,768.0,100.45466986113651,Intel,Celeron,1.1,Intel,0,1000.0,0.0,0.0,0.0,1000.0,4,2.0,33.0,500.0,1,36.300000000000004,0.0,0,1,1,0.12820512820512822,2.0,0.4347826086956522,0.125,Budget,Linux
683,MSI,Gaming,15.6,Windows 10,0,0,1920.0,1080.0,141.21199808219862,Intel,i7,2.8,Nvidia,1,1000.0,256.0,0.0,0.0,1256.0,16,2.4,77.0,1050.0,0,215.6,1050.0,1,1,3,0.15384615384615385,6.666666666666667,0.5217391304347826,0.5,Budget,Windows
405,Dell,Workstation,15.6,Windows 10,1,0,3840.0,2160.0,282.42399616439724,Intel,i7,2.8,Nvidia,1,0.0,256.0,0.0,0.0,256.0,8,1.78,77.0,1200.0,0,215.6,1200.0,1,0,2,0.11410256410256411,4.49438202247191,0.3869565217391305,0.25,Business,Windows
602,Lenovo,Notebook,15.6,Windows 10,0,0,1366.0,768.0,100.45466986113651,Intel,i3,2.3,Intel,0,1000.0,0.0,0.0,0.0,1000.0,8,2.29,61.0,520.0,1,140.29999999999998,0.0,0,1,1,0.1467948717948718,3.493449781659389,0.4978260869565218,0.25,Business,Windows
1296,Dell,Notebook,15.6,Windows 10,0,0,1366.0,768.0,100.45466986113651,Intel,Celeron,1.6,Intel,0,500.0,0.0,0.0,0.0,500.0,2,2.2,30.0,0.0,1,48.0,0.0,0,1,1,0.14102564102564105,0.9090909090909091,0.47826086956521746,0.0625,Business,Windows
782,Dell,Gaming,15.6,Windows 10,0,0,1920.0,1080.0,141.21199808219862,Intel,i7,2.8,Nvidia,1,1000.0,0.0,0.0,0.0,1000.0,8,2.62,77.0,1050.0,0,215.6,1050.0,0,1,1,0.16794871794871796,3.0534351145038165,0.5695652173913044,0.25,Business,Windows
91,Dell,Ultrabook,13.3,Windows 10,0,1,1920.0,1080.0,165.6321180513006,Intel,i7,1.8,Intel,0,0.0,256.0,0.0,0.0,256.0,8,1.21,85.0,620.0,1,153.0,0.0,1,0,2,0.09097744360902255,6.6115702479338845,0.2630434782608696,0.25,Business,Windows
1122,Lenovo,2 in 1 Convertible,15.6,Windows 10,1,1,1920.0,1080.0,141.21199808219862,Intel,i5,2.3,Intel,0,0.0,256.0,0.0,0.0,256.0,4,2.1,62.0,520.0,1,142.6,0.0,1,0,2,0.13461538461538464,1.9047619047619047,0.4565217391304348,0.125,Business,Windows
251,HP,Notebook,15.6,Windows 10,1,0,1366.0,768.0,100.45466986113651,Intel,i5,2.5,Intel,0,1000.0,0.0,0.0,0.0,1000.0,8,2.04,72.0,620.0,1,180.0,0.0,0,1,1,0.13076923076923078,3.9215686274509802,0.44347826086956527,0.25,Business,Windows
218,Lenovo,Notebook,15.6,No OS,0,0,1920.0,1080.0,141.21199808219862,Intel,i5,2.5,Intel,0,0.0,256.0,0.0,0.0,256.0,8,2.2,72.0,620.0,1,180.0,0.0,1,0,2,0.14102564102564105,3.6363636363636362,0.47826086956521746,0.25,Business,Other
941,HP,Notebook,15.6,Windows 10,0,0,1920.0,1080.0,141.21199808219862,Intel,i5,2.3,Intel,0,0.0,256.0,0.0,0.0,256.0,8,2.31,62.0,520.0,1,142.6,0.0,1,0,2,0.14807692307692308,3.463203463203463,0.5021739130434784,0.25,Business,Windows
533,Lenovo,Notebook,15.6,Windows 10,0,0,1920.0,1080.0,141.21199808219862,Intel,i7,2.7,Nvidia,1,1000.0,0.0,0.0,0.0,1000.0,4,2.2,75.0,920.0,0,202.5,920.0,0,1,1,0.14102564102564105,1.8181818181818181,0.47826086956521746,0.125,Business,Windows
1258,Lenovo,Notebook,15.6,Windows 10,0,0,1920.0,1080.0,141.21199808219862,AMD,Other,3.6,AMD,1,0.0,256.0,0.0,0.0,256.0,6,2.2,97.0,530.0,0,349.2,530.0,1,0,2,0.14102564102564105,2.727272727272727,0.47826086956521746,0.1875,Business,Windows
1059,HP,Notebook,15.6,Windows 10,0,0,1920.0,1080.0,141.21199808219862,Intel,i5,2.4,Intel,0,500.0,256.0,0.0,0.0,756.0,8,1.84,63.0,520.0,1,151.2,0.0,1,1,3,0.11794871794871796,4.3478260869565215,0.4,0.25,Business,Windows
905,MSI,Gaming,17.3,Windows 10,0,1,3840.0,2160.0,254.67134914246222,Intel,i7,2.6,Nvidia,1,2000.0,512.0,0.0,0.0,2512.0,16,2.43,67.0,1060.0,0,174.20000000000002,1060.0,1,1,3,0.14046242774566475,6.584362139917695,0.5282608695652175,0.5,Budget,Windows
220,Dell,Ultrabook,13.3,Windows 10,0,1,1920.0,1080.0,165.6321180513006,Intel,i7,1.8,AMD,1,0.0,256.0,0.0,0.0,256.0,8,1.4,85.0,530.0,0,153.0,530.0,1,0,2,0.10526315789473684,5.714285714285714,0.30434782608695654,0.25,Business,Windows
230,Acer,Notebook,15.6,Windows 10,0,0,1920.0,1080.0,141.21199808219862,Intel,i7,2.7,Nvidia,1,0.0,256.0,0.0,0.0,256.0,8,2.2,75.0,940.0,0,202.5,940.0,1,0,2,0.14102564102564105,3.6363636363636362,0.47826086956521746,0.25,Budget,Windows
1319,HP,Notebook,15.6,Windows 10,0,0,1366.0,768.0,100.45466986113651,Intel,i7,2.5,AMD,1,1000.0,0.0,0.0,0.0,1000.0,6,2.19,65.0,330.0,0,162.5,330.0,0,1,1,0.14038461538461539,2.73972602739726,0.47608695652173916,0.1875,Business,Windows
265,Dell,Notebook,17.3,Windows 10,0,0,1920.0,1080.0,127.33567457123111,Intel,i7,1.8,AMD,1,1000.0,128.0,0.0,0.0,1128.0,8,2.8,85.0,530.0,0,153.0,530.0,1,1,3,0.16184971098265893,2.857142857142857,0.6086956521739131,0.25,Business,Windows
906,Toshiba,Notebook,13.3,Windows 10,0,0,1920.0,1080.0,165.6321180513006,Intel,i5,2.5,Intel,0,0.0,256.0,0.0,0.0,256.0,8,1.05,72.0,620.0,1,180.0,0.0,1,0,2,0.07894736842105263,7.619047619047619,0.2282608695652174,0.25,Budget,Windows
880,Dell,Workstation,15.6,Windows 10,0,0,1920.0,1080.0,141.21199808219862,Intel,i7,2.8,Nvidia,1,1000.0,0.0,0.0,0.0,1000.0,8,2.23,77.0,620.0,0,215.6,620.0,0,1,1,0.14294871794871794,3.587443946188341,0.4847826086956522,0.25,Business,Windows
733,Lenovo,Notebook,15.6,No OS,0,0,1366.0,768.0,100.45466986113651,Intel,i5,2.5,Intel,0,1000.0,0.0,0.0,0.0,1000.0,4,1.9,72.0,620.0,1,180.0,0.0,0,1,1,0.12179487179487179,2.1052631578947367,0.41304347826086957,0.125,Business,Other
1004,HP,Netbook,12.5,Windows 10,0,0,1920.0,1080.0,176.23257360658386,Intel,Other,1.2,Intel,0,0.0,512.0,0.0,0.0,512.0,8,0.97,72.0,515.0,1,86.39999999999999,0.0,1,0,2,0.0776,8.247422680412372,0.2108695652173913,0.25,Business,Windows
866,Dell,Notebook,15.6,Windows 10,0,0,1920.0,1080.0,141.21199808219862,Intel,i5,2.5,Intel,0,0.0,128.0,0.0,0.0,128.0,8,1.9,72.0,620.0,1,180.0,0.0,1,0,2,0.12179487179487179,4.2105263157894735,0.41304347826086957,0.25,Business,Windows
80,Acer,Notebook,15.6,Windows 10,0,0,1920.0,1080.0,141.21199808219862,Intel,i3,2.7,Nvidia,1,1000.0,0.0,0.0,0.0,1000.0,4,2.2,71.0,130.0,0,191.70000000000002,130.0,0,1,1,0.14102564102564105,1.8181818181818181,0.47826086956521746,0.125,Budget,Windows
1278,Lenovo,2 in 1 Convertible,14.0,Windows 10,1,0,1920.0,1080.0,157.3505121487356,Intel,i5,2.3,Intel,0,0.0,128.0,0.0,0.0,128.0,4,1.8,62.0,520.0,1,142.6,0.0,1,0,2,0.1285714285714286,2.2222222222222223,0.391304347826087,0.125,Business,Windows
744,HP,Workstation,15.6,Windows 10,0,0,1920.0,1080.0,141.21199808219862,Intel,i7,2.8,Nvidia,1,0.0,256.0,0.0,0.0,256.0,16,2.6,77.0,2200.0,0,215.6,2200.0,1,0,2,0.16666666666666669,6.153846153846153,0.5652173913043479,0.5,Business,Windows
1010,HP,Ultrabook,13.3,Windows 10,1,1,1920.0,1080.0,165.6321180513006,Intel,i7,2.7,Intel,0,0.0,256.0,0.0,0.0,256.0,8,1.11,75.0,620.0,1,202.5,0.0,1,0,2,0.08345864661654136,7.207207207207206,0.241304347826087,0.25,Business,Windows
351,Lenovo,Gaming,15.6,Windows 10,0,1,1920.0,1080.0,141.21199808219862,Intel,i7,2.8,Nvidia,1,2000.0,256.0,0.0,0.0,2256.0,16,2.4,77.0,1050.0,0,215.6,1050.0,1,1,3,0.15384615384615385,6.666666666666667,0.5217391304347826,0.5,Business,Windows
524,Asus,Gaming,15.6,Windows 10,0,0,1920.0,1080.0,141.21199808219862,Intel,i7,2.8,Nvidia,1,0.0,512.0,0.0,0.0,512.0,24,2.24,77.0,1080.0,0,215.6,1080.0,1,0,2,0.1435897435897436,10.714285714285714,0.4869565217391305,0.75,Budget,Windows
573,Dell,Notebook,15.6,Windows 10,0,0,1366.0,768.0,100.45466986113651,Intel,i5,2.6,Intel,0,500.0,0.0,0.0,0.0,500.0,4,1.93,73.0,620.0,1,189.8,0.0,0,1,1,0.12371794871794872,2.072538860103627,0.41956521739130437,0.125,Business,Windows
208,Dell,Workstation,15.6,Windows 10,0,0,3840.0,2160.0,282.42399616439724,Intel,Other,0.0,Nvidia,1,1000.0,256.0,0.0,0.0,1256.0,16,2.8,15.0,1200.0,0,0.0,1200.0,1,1,3,0.1794871794871795,5.714285714285714,0.6086956521739131,0.5,Business,Windows
799,Asus,Gaming,15.6,Windows 10,0,0,1920.0,1080.0,141.21199808219862,Intel,i7,2.8,Nvidia,1,1000.0,128.0,0.0,0.0,1128.0,8,2.24,77.0,1060.0,0,215.6,1060.0,1,1,3,0.1435897435897436,3.571428571428571,0.4869565217391305,0.25,Budget,Windows
97,Acer,2 in 1 Convertible,13.3,Windows 10,1,1,1920.0,1080.0,165.6321180513006,Intel,i5,1.6,Intel,0,0.0,256.0,0.0,0.0,256.0,8,1.5,82.0,620.0,1,131.20000000000002,0.0,1,0,2,0.11278195488721804,5.333333333333333,0.32608695652173914,0.25,Budget,Windows
375,HP,Ultrabook,14.0,Windows 10,0,1,1920.0,1080.0,157.3505121487356,Intel,i7,2.7,Intel,0,0.0,256.0,0.0,0.0,256.0,8,1.36,75.0,620.0,1,202.5,0.0,1,0,2,0.09714285714285716,5.88235294117647,0.29565217391304355,0.25,Business,Windows
1076,Dell,Notebook,15.6,Windows 10,0,0,1920.0,1080.0,141.21199808219862,Intel,i5,2.5,Intel,0,1000.0,0.0,0.0,0.0,1000.0,4,2.25,72.0,0.0,1,180.0,0.0,0,1,1,0.14423076923076925,1.7777777777777777,0.48913043478260876,0.125,Business,Windows
189,Dell,Notebook,17.3,Windows 10,1,0,1920.0,1080.0,127.33567457123111,Intel,i7,1.8,Nvidia,1,0.0,512.0,0.0,0.0,512.0,16,2.77,85.0,150.0,0,153.0,150.0,1,0,2,0.1601156069364162,5.776173285198556,0.6021739130434783,0.5,Business,Windows
225,Dell,Notebook,15.6,Linux,0,0,1920.0,1080.0,141.21199808219862,Intel,i5,1.6,AMD,1,0.0,256.0,0.0,0.0,256.0,8,2.2,82.0,520.0,0,131.20000000000002,520.0,1,0,2,0.14102564102564105,3.6363636363636362,0.47826086956521746,0.25,Business,Linux
1084,Apple,Ultrabook,12.0,Mac OS X,0,1,2304.0,1440.0,226.41554716935852,Intel,Other,1.1,Intel,0,0.0,0.0,256.0,0.0,256.0,8,0.92,72.0,515.0,1,79.2,0.0,0,0,0,0.07666666666666667,8.695652173913043,0.2,0.25,Premium,macOS
1029,Toshiba,Notebook,13.3,Windows 10,0,0,1366.0,768.0,117.82653006268643,Intel,i5,2.3,Intel,0,0.0,256.0,0.0,0.0,256.0,8,1.5,62.0,520.0,1,142.6,0.0,1,0,2,0.11278195488721804,5.333333333333333,0.32608695652173914,0.25,Budget,Windows
1248,Lenovo,Netbook,12.5,Windows 10,1,1,1920.0,1080.0,176.23257360658386,Intel,i7,2.5,Intel,0,0.0,512.0,0.0,0.0,512.0,16,1.3,65.0,520.0,1,162.5,0.0,1,0,2,0.10400000000000001,12.307692307692307,0.28260869565217395,0.5,Business,Windows
73,Dell,Ultrabook,13.3,Windows 10,0,1,1920.0,1080.0,165.6321180513006,Intel,i7,1.8,AMD,1,0.0,256.0,0.0,0.0,256.0,8,1.4,85.0,530.0,0,153.0,530.0,1,0,2,0.10526315789473684,5.714285714285714,0.30434782608695654,0.25,Business,Windows
1178,Lenovo,Ultrabook,14.0,Windows 7,0,0,1920.0,1080.0,157.3505121487356,Intel,i7,2.6,Intel,0,0.0,256.0,0.0,0.0,256.0,8,1.7,66.0,520.0,1,171.6,0.0,1,0,2,0.12142857142857143,4.705882352941177,0.3695652173913044,0.25,Business,Windows
659,Acer,Gaming,15.6,Linux,0,0,1920.0,1080.0,141.21199808219862,Intel,i5,2.5,Nvidia,1,1000.0,0.0,0.0,0.0,1000.0,8,2.4,73.0,1050.0,0,182.5,1050.0,0,1,1,0.15384615384615385,3.3333333333333335,0.5217391304347826,0.25,Budget,Linux
87,Dell,Gaming,15.6,Windows 10,0,1,1920.0,1080.0,141.21199808219862,Intel,i7,2.8,Nvidia,1,1000.0,128.0,0.0,0.0,1128.0,16,2.65,77.0,1050.0,0,215.6,1050.0,1,1,3,0.16987179487179488,6.037735849056604,0.5760869565217391,0.5,Business,Windows
474,Dell,Notebook,15.6,Windows 10,0,0,1920.0,1080.0,141.21199808219862,Intel,i5,1.6,AMD,1,2000.0,0.0,0.0,0.0,2000.0,8,2.02,82.0,530.0,0,131.20000000000002,530.0,0,1,1,0.1294871794871795,3.9603960396039604,0.4391304347826087,0.25,Business,Windows
1111,Dell,Notebook,15.6,Windows 10,0,0,1920.0,1080.0,141.21199808219862,Intel,i5,2.5,AMD,1,1000.0,0.0,0.0,0.0,1000.0,8,2.36,72.0,445.0,0,180.0,445.0,0,1,1,0.15128205128205127,3.3898305084745766,0.5130434782608696,0.25,Business,Windows
56,Dell,Notebook,15.6,Windows 10,0,0,1920.0,1080.0,141.21199808219862,Intel,i7,1.8,AMD,1,0.0,256.0,0.0,0.0,256.0,8,2.13,85.0,520.0,0,153.0,520.0,1,0,2,0.13653846153846153,3.755868544600939,0.46304347826086956,0.25,Business,Windows
816,HP,Notebook,15.6,Windows 10,0,0,1366.0,768.0,100.45466986113651,AMD,Other,2.5,AMD,1,2000.0,0.0,0.0,0.0,2000.0,8,2.04,97.0,0.0,0,242.5,0.0,0,1,1,0.13076923076923078,3.9215686274509802,0.44347826086956527,0.25,Business,Windows
1077,Dell,Notebook,15.6,Windows 10,0,0,1920.0,1080.0,141.21199808219862,Intel,i7,2.7,AMD,1,2000.0,0.0,0.0,0.0,2000.0,16,2.32,75.0,445.0,0,202.5,445.0,0,1,1,0.14871794871794872,6.8965517241379315,0.5043478260869565,0.5,Business,Windows
348,HP,Notebook,15.6,Windows 10,0,1,1920.0,1080.0,141.21199808219862,Intel,i3,2.4,Nvidia,1,1000.0,0.0,0.0,0.0,1000.0,8,2.1,71.0,930.0,0,170.4,930.0,0,1,1,0.13461538461538464,3.8095238095238093,0.4565217391304348,0.25,Business,Windows
664,Dell,Notebook,15.6,Windows 10,0,0,1920.0,1080.0,141.21199808219862,Intel,i7,1.8,AMD,1,0.0,256.0,0.0,0.0,256.0,8,2.2,85.0,530.0,0,153.0,530.0,1,0,2,0.14102564102564105,3.6363636363636362,0.47826086956521746,0.25,Business,Windows
536,Dell,Notebook,15.6,Windows 10,0,0,1920.0,1080.0,141.21199808219862,Intel,i5,2.8,Intel,0,0.0,256.0,0.0,0.0,256.0,8,1.9,74.0,620.0,1,207.2,0.0,1,0,2,0.12179487179487179,4.2105263157894735,0.41304347826086957,0.25,Business,Windows
248,Dell,Gaming,15.6,Windows 10,0,0,1920.0,1080.0,141.21199808219862,Intel,i5,2.5,Nvidia,1,0.0,256.0,0.0,0.0,256.0,8,2.56,73.0,1050.0,0,182.5,1050.0,1,0,2,0.1641025641025641,3.125,0.5565217391304348,0.25,Business,Windows
3,HP,Notebook,15.6,No OS,0,0,1920.0,1080.0,141.21199808219862,Intel,i5,2.5,Intel,0,0.0,256.0,0.0,0.0,256.0,8,1.86,72.0,620.0,1,180.0,0.0,1,0,2,0.11923076923076924,4.301075268817204,0.4043478260869566,0.25,Business,Other
170,Acer,Notebook,15.6,Windows 10,0,0,1366.0,768.0,100.45466986113651,Intel,Pentium,1.1,Intel,0,1000.0,0.0,0.0,0.0,1000.0,4,2.1,42.0,505.0,1,46.2,0.0,0,1,1,0.13461538461538464,1.9047619047619047,0.4565217391304348,0.125,Budget,Windows
555,HP,Notebook,15.6,Windows 10,0,0,1920.0,1080.0,141.21199808219862,Intel,i3,0.0,Intel,0,500.0,0.0,0.0,0.0,500.0,4,1.86,60.0,520.0,1,0.0,0.0,0,1,1,0.11923076923076924,2.150537634408602,0.4043478260869566,0.125,Business,Windows
612,MSI,Gaming,15.6,Windows 10,0,0,3840.0,2160.0,282.42399616439724,Intel,i7,2.8,Nvidia,1,2000.0,256.0,0.0,0.0,2256.0,16,1.8,77.0,1060.0,0,215.6,1060.0,1,1,3,0.11538461538461539,8.88888888888889,0.391304347826087,0.5,Budget,Windows
1239,MSI,Gaming,15.6,Windows 10,0,0,1920.0,1080.0,141.21199808219862,Intel,i7,2.6,Nvidia,1,1000.0,128.0,0.0,0.0,1128.0,8,2.2,67.0,1060.0,0,174.20000000000002,1060.0,1,1,3,0.14102564102564105,3.6363636363636362,0.47826086956521746,0.25,Budget,Windows
981,HP,Notebook,15.6,Windows 10,0,0,1920.0,1080.0,141.21199808219862,Intel,i3,2.4,Intel,0,500.0,0.0,0.0,0.0,500.0,4,2.04,71.0,620.0,1,170.4,0.0,0,1,1,0.13076923076923078,1.9607843137254901,0.44347826086956527,0.125,Business,Windows
487,Dell,Notebook,15.6,Windows 10,0,1,1920.0,1080.0,141.21199808219862,Intel,i7,1.8,Nvidia,1,0.0,512.0,0.0,0.0,512.0,8,2.16,85.0,940.0,0,153.0,940.0,1,0,2,0.13846153846153847,3.7037037037037033,0.4695652173913044,0.25,Business,Windows
404,Lenovo,Notebook,14.0,Windows 10,0,1,1920.0,1080.0,157.3505121487356,Intel,i5,2.5,Intel,0,0.0,256.0,0.0,0.0,256.0,8,1.9,72.0,620.0,1,180.0,0.0,1,0,2,0.1357142857142857,4.2105263157894735,0.41304347826086957,0.25,Business,Windows
1031,Lenovo,Notebook,17.3,Windows 7,0,1,3840.0,2160.0,254.67134914246222,Intel,i7,2.7,Nvidia,1,0.0,512.0,0.0,0.0,512.0,16,2.4,68.0,3000.0,0,183.60000000000002,3000.0,1,0,2,0.13872832369942195,6.666666666666667,0.5217391304347826,0.5,Business,Windows
1314,HP,Netbook,11.6,Windows 10,0,0,1366.0,768.0,135.0942111925629,Intel,Celeron,1.6,Intel,0,0.0,0.0,32.0,0.0,32.0,2,1.17,30.0,400.0,1,48.0,0.0,0,0,0,0.10086206896551723,1.7094017094017095,0.25434782608695655,0.0625,Business,Windows
320,Dell,Notebook,15.6,Windows 10,0,0,1920.0,1080.0,141.21199808219862,Intel,i5,1.6,AMD,1,1000.0,128.0,0.0,0.0,1128.0,8,2.33,82.0,530.0,0,131.20000000000002,530.0,1,1,3,0.14935897435897436,3.4334763948497855,0.5065217391304349,0.25,Business,Windows
729,HP,2 in 1 Convertible,13.3,Windows 10,1,1,1366.0,768.0,117.82653006268643,Intel,i5,2.5,Intel,0,0.0,256.0,0.0,0.0,256.0,8,1.58,72.0,620.0,1,180.0,0.0,1,0,2,0.11879699248120301,5.063291139240506,0.34347826086956523,0.25,Business,Windows
1107,Asus,Gaming,17.3,Windows 10,0,1,1920.0,1080.0,127.33567457123111,Intel,i7,2.8,Nvidia,1,1000.0,256.0,0.0,0.0,1256.0,8,2.7,77.0,1060.0,0,215.6,1060.0,1,1,3,0.15606936416184972,2.962962962962963,0.5869565217391305,0.25,Budget,Windows
314,HP,Notebook,15.6,Windows 10,0,0,1920.0,1080.0,141.21199808219862,Intel,i3,0.0,Intel,0,1000.0,0.0,0.0,0.0,1000.0,4,1.86,60.0,520.0,1,0.0,0.0,0,1,1,0.11923076923076924,2.150537634408602,0.4043478260869566,0.125,Business,Windows
1273,Asus,Notebook,15.6,Windows 10,0,0,1366.0,768.0,100.45466986113651,Intel,Celeron,1.1,Intel,0,1000.0,0.0,0.0,0.0,1000.0,4,2.0,33.0,500.0,1,36.300000000000004,0.0,0,1,1,0.12820512820512822,2.0,0.4347826086956522,0.125,Budget,Windows
1270,Lenovo,Notebook,15.6,Windows 10,0,0,1920.0,1080.0,141.21199808219862,Intel,i3,2.3,Nvidia,1,0.0,128.0,0.0,0.0,128.0,6,2.4,61.0,920.0,0,140.29999999999998,920.0,1,0,2,0.15384615384615385,2.5,0.5217391304347826,0.1875,Business,Windows
693,Dell,Gaming,15.6,Windows 10,0,0,1920.0,1080.0,141.21199808219862,Intel,i7,2.9,Nvidia,1,1000.0,256.0,0.0,0.0,1256.0,16,3.49,78.0,1070.0,0,226.2,1070.0,1,1,3,0.22371794871794873,4.584527220630372,0.7586956521739131,0.5,Business,Windows
1205,Acer,Notebook,15.6,Windows 10,0,0,1920.0,1080.0,141.21199808219862,Intel,i5,2.5,Nvidia,1,0.0,256.0,0.0,0.0,256.0,4,2.23,72.0,940.0,0,180.0,940.0,1,0,2,0.14294871794871794,1.7937219730941705,0.4847826086956522,0.125,Budget,Windows
911,Dell,Notebook,15.6,Windows 10,0,0,1920.0,1080.0,141.21199808219862,Intel,i5,2.6,Intel,0,500.0,0.0,0.0,0.0,500.0,8,1.9,73.0,620.0,1,189.8,0.0,0,1,1,0.12179487179487179,4.2105263157894735,0.41304347826086957,0.25,Business,Windows
272,Lenovo,Notebook,15.6,No OS,0,0,1920.0,1080.0,141.21199808219862,Intel,i5,2.5,Intel,0,1000.0,0.0,0.0,0.0,1000.0,4,2.2,72.0,620.0,1,180.0,0.0,0,1,1,0.14102564102564105,1.8181818181818181,0.47826086956521746,0.125,Business,Other
532,Lenovo,Notebook,14.0,Windows 7,0,0,1920.0,1080.0,157.3505121487356,Intel,i5,2.3,Intel,0,0.0,256.0,0.0,0.0,256.0,8,2.02,62.0,520.0,1,142.6,0.0,1,0,2,0.1442857142857143,3.9603960396039604,0.4391304347826087,0.25,Business,Windows
1102,Lenovo,Notebook,14.0,Windows 7,0,0,1920.0,1080.0,157.3505121487356,Intel,i5,2.3,Intel,0,0.0,180.0,0.0,0.0,180.0,8,1.7,62.0,520.0,1,142.6,0.0,1,0,2,0.12142857142857143,4.705882352941177,0.3695652173913044,0.25,Business,Windows
1182,HP,Notebook,15.6,No OS,0,0,1366.0,768.0,100.45466986113651,Intel,i5,2.3,Intel,0,500.0,0.0,0.0,0.0,500.0,4,2.1,62.0,520.0,1,142.6,0.0,0,1,1,0.13461538461538464,1.9047619047619047,0.4565217391304348,0.125,Business,Other
839,Razer,Gaming,17.3,Windows 10,1,0,3840.0,2160.0,254.67134914246222,Intel,i7,2.9,Nvidia,1,0.0,512.0,0.0,0.0,512.0,32,3.49,78.0,1080.0,0,226.2,1080.0,1,0,2,0.20173410404624278,9.169054441260744,0.7586956521739131,1.0,Premium,Windows
529,Dell,Notebook,14.0,Windows 10,0,0,1920.0,1080.0,157.3505121487356,Intel,i5,2.6,Intel,0,0.0,256.0,0.0,0.0,256.0,8,1.64,73.0,620.0,1,189.8,0.0,1,0,2,0.11714285714285713,4.878048780487805,0.3565217391304348,0.25,Business,Windows
863,Dell,Notebook,17.3,Linux,0,0,1920.0,1080.0,127.33567457123111,Intel,i7,2.7,AMD,1,1000.0,0.0,0.0,0.0,1000.0,8,2.83,75.0,445.0,0,202.5,445.0,0,1,1,0.16358381502890174,2.8268551236749118,0.6152173913043479,0.25,Business,Linux
772,Asus,Ultrabook,13.3,Windows 10,0,1,3200.0,1800.0,276.053530085501,Intel,i5,2.5,Intel,0,0.0,256.0,0.0,0.0,256.0,8,1.2,72.0,620.0,1,180.0,0.0,1,0,2,0.09022556390977443,6.666666666666667,0.2608695652173913,0.25,Budget,Windows
1221,Dell,Ultrabook,13.3,Windows 10,1,0,3200.0,1800.0,276.053530085501,Intel,i7,2.7,Intel,0,0.0,512.0,0.0,0.0,512.0,16,1.2,75.0,620.0,1,202.5,0.0,1,0,2,0.09022556390977443,13.333333333333334,0.2608695652173913,0.5,Business,Windows
759,Lenovo,Netbook,11.6,Windows 10,1,0,1366.0,768.0,135.0942111925629,Intel,Celeron,1.6,Intel,0,0.0,128.0,0.0,0.0,128.0,4,1.4,30.0,400.0,1,48.0,0.0,1,0,2,0.12068965517241378,2.857142857142857,0.30434782608695654,0.125,Business,Windows
1194,Lenovo,Notebook,15.6,Windows 7,0,0,1920.0,1080.0,141.21199808219862,Intel,i7,2.5,Intel,0,0.0,0.0,0.0,1.0,1.0,4,2.32,65.0,520.0,1,162.5,0.0,0,0,0,0.14871794871794872,1.7241379310344829,0.5043478260869565,0.125,Business,Windows
821,Samsung,Ultrabook,13.3,Windows 10,0,0,1920.0,1080.0,165.6321180513006,Intel,i5,2.5,Intel,0,0.0,256.0,0.0,0.0,256.0,8,0.81,72.0,620.0,1,180.0,0.0,1,0,2,0.06090225563909774,9.876543209876543,0.17608695652173917,0.25,Budget,Windows
497,Lenovo,Notebook,15.6,Windows 10,0,1,1920.0,1080.0,141.21199808219862,Intel,i5,2.5,Nvidia,1,0.0,256.0,0.0,0.0,256.0,8,2.3,72.0,940.0,0,180.0,940.0,1,0,2,0.14743589743589744,3.4782608695652177,0.5,0.25,Business,Windows
100,Asus,Notebook,15.6,Windows 10,0,0,1920.0,1080.0,141.21199808219862,Intel,i3,2.4,Nvidia,1,0.0,256.0,0.0,0.0,256.0,6,2.0,71.0,920.0,0,170.4,920.0,1,0,2,0.12820512820512822,3.0,0.4347826086956522,0.1875,Budget,Windows
1204,Dell,2 in 1 Convertible,15.6,Windows 10,1,0,1920.0,1080.0,141.21199808219862,Intel,i7,2.7,Intel,0,0.0,512.0,0.0,0.0,512.0,16,2.09,75.0,620.0,1,202.5,0.0,1,0,2,0.13397435897435897,7.6555023923444985,0.4543478260869565,0.5,Business,Windows
1071,Acer,Notebook,15.6,Windows 10,0,0,1366.0,768.0,100.45466986113651,AMD,Other,2.2,AMD,1,1000.0,0.0,0.0,0.0,1000.0,8,2.4,74.0,0.0,0,162.8,0.0,0,1,1,0.15384615384615385,3.3333333333333335,0.5217391304347826,0.25,Budget,Windows
1202,HP,Notebook,15.6,Windows 10,0,1,1920.0,1080.0,141.21199808219862,Intel,i7,2.6,Nvidia,1,1000.0,0.0,0.0,0.0,1000.0,6,2.18,67.0,960.0,0,174.20000000000002,960.0,0,1,1,0.13974358974358975,2.7522935779816513,0.47391304347826096,0.1875,Business,Windows
881,Lenovo,Notebook,15.6,Windows 10,0,0,1366.0,768.0,100.45466986113651,Intel,i5,2.5,Intel,0,500.0,0.0,0.0,0.0,500.0,4,2.38,72.0,620.0,1,180.0,0.0,0,1,1,0.15256410256410255,1.680672268907563,0.5173913043478261,0.125,Business,Windows
919,Acer,Notebook,15.6,Chrome OS,0,1,1920.0,1080.0,141.21199808219862,Intel,Celeron,1.5,Intel,0,0.0,0.0,16.0,0.0,16.0,4,2.2,32.0,0.0,1,48.0,0.0,0,0,0,0.14102564102564105,1.8181818181818181,0.47826086956521746,0.125,Budget,Other
968,Lenovo,Ultrabook,14.0,Windows 10,0,1,1920.0,1080.0,157.3505121487356,Intel,i7,2.6,Intel,0,0.0,256.0,0.0,0.0,256.0,8,1.7,66.0,520.0,1,171.6,0.0,1,0,2,0.12142857142857143,4.705882352941177,0.3695652173913044,0.25,Business,Windows
299,Lenovo,Notebook,15.6,Windows 10,0,0,1920.0,1080.0,141.21199808219862,Intel,i5,1.6,Intel,0,0.0,256.0,0.0,0.0,256.0,8,2.05,82.0,620.0,1,131.20000000000002,0.0,1,0,2,0.13141025641025642,3.9024390243902443,0.44565217391304346,0.25,Business,Windows
632,Lenovo,Notebook,15.6,Windows 10,0,0,1920.0,1080.0,141.21199808219862,Intel,i7,2.7,Nvidia,1,1000.0,0.0,0.0,0.0,1000.0,8,2.2,75.0,920.0,0,202.5,920.0,0,1,1,0.14102564102564105,3.6363636363636362,0.47826086956521746,0.25,Business,Windows
36,Lenovo,Notebook,14.0,Windows 10,0,0,1366.0,768.0,111.93520355955211,Intel,Celeron,1.1,Intel,0,0.0,0.0,64.0,0.0,64.0,4,1.44,33.0,500.0,1,36.300000000000004,0.0,0,0,0,0.10285714285714286,2.7777777777777777,0.3130434782608696,0.125,Business,Windows
193,Dell,Notebook,17.3,Windows 10,0,0,1920.0,1080.0,127.33567457123111,Intel,i7,1.8,AMD,1,1000.0,128.0,0.0,0.0,1128.0,8,2.8,85.0,530.0,0,153.0,530.0,1,1,3,0.16184971098265893,2.857142857142857,0.6086956521739131,0.25,Business,Windows
1274,Asus,Gaming,17.3,Windows 10,0,1,1920.0,1080.0,127.33567457123111,Intel,i7,2.6,Nvidia,1,1000.0,128.0,0.0,0.0,1128.0,16,4.0,67.0,970.0,0,174.20000000000002,970.0,1,1,3,0.23121387283236994,4.0,0.8695652173913044,0.5,Budget,Windows
481,Asus,Notebook,15.6,Windows 10,0,1,3840.0,2160.0,282.42399616439724,Intel,i7,2.6,Intel,0,1000.0,128.0,0.0,0.0,1128.0,12,2.06,67.0,530.0,1,174.20000000000002,0.0,1,1,3,0.13205128205128205,5.825242718446602,0.44782608695652176,0.375,Budget,Windows
143,Acer,Notebook,17.3,Windows 10,0,1,1920.0,1080.0,127.33567457123111,Intel,i3,2.7,Nvidia,1,1000.0,0.0,0.0,0.0,1000.0,4,3.0,71.0,130.0,0,191.70000000000002,130.0,0,1,1,0.17341040462427745,1.3333333333333333,0.6521739130434783,0.125,Budget,Windows
999,Dell,Notebook,15.6,Windows 10,0,0,1366.0,768.0,100.45466986113651,Intel,i5,2.5,AMD,1,500.0,0.0,0.0,0.0,500.0,4,2.25,72.0,430.0,0,180.0,430.0,0,1,1,0.14423076923076925,1.7777777777777777,0.48913043478260876,0.125,Business,Windows
383,Dell,Notebook,15.6,Windows 10,0,0,1366.0,768.0,100.45466986113651,Intel,Celeron,1.6,Intel,0,500.0,0.0,0.0,0.0,500.0,4,1.8,30.0,400.0,1,48.0,0.0,0,1,1,0.11538461538461539,2.2222222222222223,0.391304347826087,0.125,Business,Windows
1075,Asus,Gaming,17.3,No OS,0,1,1920.0,1080.0,127.33567457123111,Intel,i7,2.6,Nvidia,1,1000.0,0.0,0.0,0.0,1000.0,16,4.0,67.0,965.0,0,174.20000000000002,965.0,0,1,1,0.23121387283236994,4.0,0.8695652173913044,0.5,Budget,Other
168,Acer,Notebook,15.6,Windows 10,0,0,1366.0,768.0,100.45466986113651,Intel,Celeron,1.1,Intel,0,1000.0,0.0,0.0,0.0,1000.0,4,2.1,33.0,500.0,1,36.300000000000004,0.0,0,1,1,0.13461538461538464,1.9047619047619047,0.4565217391304348,0.125,Budget,Windows
515,HP,Ultrabook,13.3,Windows 10,0,1,1920.0,1080.0,165.6321180513006,Intel,i7,2.7,Intel,0,0.0,512.0,0.0,0.0,512.0,8,1.34,75.0,620.0,1,202.5,0.0,1,0,2,0.10075187969924812,5.970149253731343,0.291304347826087,0.25,Business,Windows
662,HP,Notebook,15.6,No OS,0,0,1366.0,768.0,100.45466986113651,Intel,i3,0.0,Intel,0,500.0,0.0,0.0,0.0,500.0,4,1.86,60.0,520.0,1,0.0,0.0,0,1,1,0.11923076923076924,2.150537634408602,0.4043478260869566,0.125,Business,Other
1150,Lenovo,Notebook,15.6,Windows 10,0,0,1920.0,1080.0,141.21199808219862,Intel,i7,2.5,AMD,1,0.0,0.0,0.0,1.0,1.0,16,2.5,65.0,360.0,0,162.5,360.0,0,0,0,0.16025641025641027,6.4,0.5434782608695653,0.5,Business,Windows
108,HP,Notebook,14.0,Windows 10,0,1,1920.0,1080.0,157.3505121487356,Intel,i5,2.5,Nvidia,1,0.0,256.0,0.0,0.0,256.0,6,1.58,72.0,940.0,0,180.0,940.0,1,0,2,0.11285714285714286,3.7974683544303796,0.34347826086956523,0.1875,Business,Windows
997,Fujitsu,Notebook,15.6,Windows 10,0,0,1366.0,768.0,100.45466986113651,Intel,i5,2.3,Intel,0,0.0,256.0,0.0,0.0,256.0,4,2.3,62.0,520.0,1,142.6,0.0,1,0,2,0.14743589743589744,1.7391304347826089,0.5,0.125,Budget,Windows
103,HP,Notebook,15.6,Windows 10,0,0,1920.0,1080.0,141.21199808219862,Intel,i7,2.7,AMD,1,0.0,256.0,0.0,0.0,256.0,8,1.91,75.0,530.0,0,202.5,530.0,1,0,2,0.12243589743589743,4.18848167539267,0.4152173913043478,0.25,Business,Windows
308,Lenovo,Notebook,15.6,No OS,0,0,1366.0,768.0,100.45466986113651,Intel,i5,2.5,Nvidia,1,2000.0,0.0,0.0,0.0,2000.0,8,2.2,72.0,940.0,0,180.0,940.0,0,1,1,0.14102564102564105,3.6363636363636362,0.47826086956521746,0.25,Business,Other
975,Lenovo,Ultrabook,12.5,Windows 10,0,1,1920.0,1080.0,176.23257360658386,Intel,i5,2.6,Intel,0,0.0,256.0,0.0,0.0,256.0,8,1.36,73.0,620.0,1,189.8,0.0,1,0,2,0.10880000000000001,5.88235294117647,0.29565217391304355,0.25,Business,Windows
872,HP,Notebook,15.6,Windows 10,0,0,1920.0,1080.0,141.21199808219862,Intel,i5,2.6,AMD,1,0.0,256.0,0.0,0.0,256.0,8,1.84,73.0,465.0,0,189.8,465.0,1,0,2,0.11794871794871796,4.3478260869565215,0.4,0.25,Business,Windows
1170,Lenovo,Notebook,15.6,No OS,0,0,1920.0,1080.0,141.21199808219862,Intel,i5,2.3,AMD,1,1000.0,0.0,0.0,0.0,1000.0,8,2.32,62.0,330.0,0,142.6,330.0,0,1,1,0.14871794871794872,3.4482758620689657,0.5043478260869565,0.25,Business,Other
425,Dell,Notebook,15.6,Windows 10,0,0,1366.0,768.0,100.45466986113651,Intel,i5,2.5,Intel,0,1000.0,0.0,0.0,0.0,1000.0,8,2.14,72.0,620.0,1,180.0,0.0,0,1,1,0.1371794871794872,3.7383177570093458,0.4652173913043479,0.25,Business,Windows
179,Dell,Notebook,15.6,Windows 10,0,0,1366.0,768.0,100.45466986113651,Intel,i3,2.4,Intel,0,1000.0,0.0,0.0,0.0,1000.0,8,2.3,71.0,620.0,1,170.4,0.0,0,1,1,0.14743589743589744,3.4782608695652177,0.5,0.25,Business,Windows
217,HP,Notebook,15.6,No OS,0,0,1920.0,1080.0,141.21199808219862,Intel,i3,0.0,Intel,0,500.0,0.0,0.0,0.0,500.0,4,2.1,60.0,520.0,1,0.0,0.0,0,1,1,0.13461538461538464,1.9047619047619047,0.4565217391304348,0.125,Business,Other
803,Apple,Ultrabook,12.0,Mac OS X,0,1,2304.0,1440.0,226.41554716935852,Intel,Other,1.2,Intel,0,0.0,0.0,512.0,0.0,512.0,8,0.92,72.0,5300.0,1,86.39999999999999,0.0,0,0,0,0.07666666666666667,8.695652173913043,0.2,0.25,Premium,macOS
1148,HP,Ultrabook,15.6,Windows 10,0,0,1920.0,1080.0,141.21199808219862,Intel,i7,2.7,Intel,0,0.0,256.0,0.0,0.0,256.0,8,1.84,75.0,620.0,1,202.5,0.0,1,0,2,0.11794871794871796,4.3478260869565215,0.4,0.25,Business,Windows
814,HP,Netbook,12.5,Windows 10,0,0,1366.0,768.0,125.36742798669837,Intel,i5,2.6,Intel,0,0.0,256.0,0.0,0.0,256.0,8,1.26,73.0,620.0,1,189.8,0.0,1,0,2,0.1008,6.349206349206349,0.2739130434782609,0.25,Business,Windows
774,Acer,Notebook,13.3,Windows 10,0,0,1366.0,768.0,117.82653006268643,Intel,i5,2.3,Intel,0,0.0,128.0,0.0,0.0,128.0,4,1.6,62.0,520.0,1,142.6,0.0,1,0,2,0.12030075187969924,2.5,0.3478260869565218,0.125,Budget,Windows
908,Dell,Gaming,15.6,Linux,0,0,1920.0,1080.0,141.21199808219862,Intel,i7,2.8,Nvidia,1,1000.0,0.0,0.0,0.0,1000.0,8,2.62,77.0,1050.0,0,215.6,1050.0,0,1,1,0.16794871794871796,3.0534351145038165,0.5695652173913044,0.25,Business,Linux
1006,Lenovo,Notebook,15.6,No OS,0,0,1366.0,768.0,100.45466986113651,Intel,Celeron,1.1,Intel,0,0.0,128.0,0.0,0.0,128.0,4,1.9,33.0,500.0,1,36.300000000000004,0.0,1,0,2,0.12179487179487179,2.1052631578947367,0.41304347826086957,0.125,Business,Other
1247,MSI,Gaming,15.6,Windows 10,0,0,1920.0,1080.0,141.21199808219862,Intel,i7,2.8,Nvidia,1,1000.0,128.0,0.0,0.0,1128.0,8,2.2,77.0,1050.0,0,215.6,1050.0,1,1,3,0.14102564102564105,3.6363636363636362,0.47826086956521746,0.25,Budget,Windows
707,HP,Notebook,15.6,Windows 10,0,1,1920.0,1080.0,141.21199808219862,Intel,i7,2.7,AMD,1,500.0,0.0,0.0,0.0,500.0,4,2.1,75.0,530.0,0,202.5,530.0,0,1,1,0.13461538461538464,1.9047619047619047,0.4565217391304348,0.125,Business,Windows
1230,MSI,Gaming,17.3,Windows 10,0,1,1920.0,1080.0,127.33567457123111,Intel,i7,2.6,Nvidia,1,1000.0,256.0,0.0,0.0,1256.0,16,2.43,67.0,1060.0,0,174.20000000000002,1060.0,1,1,3,0.14046242774566475,6.584362139917695,0.5282608695652175,0.5,Budget,Windows
381,HP,Notebook,15.6,Windows 10,0,0,1920.0,1080.0,141.21199808219862,AMD,Other,0.0,AMD,1,0.0,256.0,0.0,0.0,256.0,4,1.91,94.0,0.0,0,0.0,0.0,1,0,2,0.12243589743589743,2.094240837696335,0.4152173913043478,0.125,Business,Windows
882,Lenovo,Notebook,15.6,No OS,0,0,1920.0,1080.0,141.21199808219862,Intel,i3,0.0,AMD,1,1000.0,0.0,0.0,0.0,1000.0,4,2.2,60.0,430.0,0,0.0,430.0,0,1,1,0.14102564102564105,1.8181818181818181,0.47826086956521746,0.125,Business,Other
708,Dell,Gaming,15.6,Windows 10,0,0,1920.0,1080.0,141.21199808219862,Intel,i5,2.5,Nvidia,1,1000.0,0.0,0.0,0.0,1000.0,8,2.56,73.0,1050.0,0,182.5,1050.0,0,1,1,0.1641025641025641,3.125,0.5565217391304348,0.25,Business,Windows
502,Lenovo,Ultrabook,12.5,Windows 10,0,1,1366.0,768.0,125.36742798669837,Intel,i5,2.3,Intel,0,0.0,180.0,0.0,0.0,180.0,8,1.3,62.0,520.0,1,142.6,0.0,1,0,2,0.10400000000000001,6.153846153846153,0.28260869565217395,0.25,Business,Windows
1169,HP,Notebook,15.6,Windows 10,0,0,1366.0,768.0,100.45466986113651,AMD,Other,1.8,AMD,1,500.0,0.0,0.0,0.0,500.0,4,1.86,71.0,0.0,0,127.8,0.0,0,1,1,0.11923076923076924,2.150537634408602,0.4043478260869566,0.125,Business,Windows
550,Acer,Gaming,15.6,Linux,0,0,1920.0,1080.0,141.21199808219862,Intel,i5,2.5,Nvidia,1,1000.0,0.0,0.0,0.0,1000.0,8,2.4,73.0,1050.0,0,182.5,1050.0,0,1,1,0.15384615384615385,3.3333333333333335,0.5217391304347826,0.25,Budget,Linux
1096,Lenovo,Gaming,17.3,Windows 10,0,1,1920.0,1080.0,127.33567457123111,Intel,i7,2.7,Nvidia,1,0.0,512.0,0.0,1.0,513.0,32,4.6,68.0,980.0,0,183.60000000000002,980.0,1,0,2,0.2658959537572254,6.9565217391304355,1.0,1.0,Business,Windows
24,Dell,2 in 1 Convertible,13.3,Windows 10,1,0,1920.0,1080.0,165.6321180513006,Intel,i5,1.6,Intel,0,0.0,256.0,0.0,0.0,256.0,8,1.62,82.0,620.0,1,131.20000000000002,0.0,1,0,2,0.12180451127819548,4.938271604938271,0.35217391304347834,0.25,Business,Windows
784,Asus,2 in 1 Convertible,15.6,Windows 10,1,0,1920.0,1080.0,141.21199808219862,Intel,i7,2.7,Nvidia,1,2000.0,0.0,0.0,0.0,2000.0,12,2.3,75.0,940.0,0,202.5,940.0,0,1,1,0.14743589743589744,5.217391304347826,0.5,0.375,Budget,Windows
556,Lenovo,Notebook,15.6,Windows 10,0,1,1920.0,1080.0,141.21199808219862,Intel,i7,2.7,Intel,0,0.0,512.0,0.0,0.0,512.0,8,1.99,75.0,620.0,1,202.5,0.0,1,0,2,0.12756410256410255,4.0201005025125625,0.43260869565217397,0.25,Business,Windows
807,Lenovo,2 in 1 Convertible,13.9,Windows 10,1,1,1920.0,1080.0,158.48253022174808,Intel,i7,2.7,Intel,0,0.0,256.0,0.0,0.0,256.0,8,1.38,75.0,620.0,1,202.5,0.0,1,0,2,0.09928057553956833,5.797101449275363,0.3,0.25,Business,Windows
1245,Dell,Notebook,15.6,Linux,0,0,1366.0,768.0,100.45466986113651,Intel,i5,2.5,Intel,0,1000.0,0.0,0.0,0.0,1000.0,4,2.18,72.0,520.0,1,180.0,0.0,0,1,1,0.13974358974358975,1.8348623853211008,0.47391304347826096,0.125,Business,Linux
751,Lenovo,2 in 1 Convertible,14.0,Windows 10,1,0,1920.0,1080.0,157.3505121487356,Intel,i5,2.5,Intel,0,0.0,256.0,0.0,0.0,256.0,8,1.7,72.0,620.0,1,180.0,0.0,1,0,2,0.12142857142857143,4.705882352941177,0.3695652173913044,0.25,Business,Windows
1039,HP,Ultrabook,12.5,Windows 10,0,0,1366.0,768.0,125.36742798669837,Intel,i5,2.5,Intel,0,0.0,256.0,0.0,0.0,256.0,4,1.26,72.0,620.0,1,180.0,0.0,1,0,2,0.1008,3.1746031746031744,0.2739130434782609,0.125,Business,Windows
1176,Lenovo,Notebook,15.6,Windows 10,0,0,1920.0,1080.0,141.21199808219862,Intel,i5,2.3,AMD,1,0.0,0.0,0.0,1.0,1.0,8,2.5,62.0,330.0,0,142.6,330.0,0,0,0,0.16025641025641027,3.2,0.5434782608695653,0.25,Business,Windows
797,Acer,Gaming,17.3,Windows 10,0,1,1920.0,1080.0,127.33567457123111,Intel,i7,2.8,Nvidia,1,1000.0,256.0,0.0,0.0,1256.0,16,4.2,77.0,1060.0,0,215.6,1060.0,1,1,3,0.24277456647398843,3.8095238095238093,0.9130434782608696,0.5,Budget,Windows
830,Toshiba,Ultrabook,14.0,Windows 10,0,0,1366.0,768.0,111.93520355955211,Intel,i5,2.5,Intel,0,0.0,128.0,0.0,0.0,128.0,4,1.25,72.0,620.0,1,180.0,0.0,1,0,2,0.08928571428571429,3.2,0.27173913043478265,0.125,Budget,Windows
865,Asus,Notebook,15.6,Windows 10,0,1,1920.0,1080.0,141.21199808219862,Intel,i7,2.7,Nvidia,1,0.0,256.0,0.0,0.0,256.0,8,2.3,75.0,930.0,0,202.5,930.0,1,0,2,0.14743589743589744,3.4782608695652177,0.5,0.25,Budget,Windows
313,Lenovo,Notebook,15.6,Windows 10,0,0,1920.0,1080.0,141.21199808219862,Intel,i5,2.5,Nvidia,1,1000.0,128.0,0.0,0.0,1128.0,8,2.3,72.0,940.0,0,180.0,940.0,1,1,3,0.14743589743589744,3.4782608695652177,0.5,0.25,Business,Windows
1217,MSI,Gaming,17.3,Windows 10,0,0,1920.0,1080.0,127.33567457123111,Intel,i7,2.8,Nvidia,1,1000.0,256.0,0.0,0.0,1256.0,16,2.43,77.0,1060.0,0,215.6,1060.0,1,1,3,0.14046242774566475,6.584362139917695,0.5282608695652175,0.5,Budget,Windows
1046,MSI,Gaming,17.3,Windows 10,0,0,1920.0,1080.0,127.33567457123111,Intel,i7,2.8,Nvidia,1,1000.0,128.0,0.0,0.0,1128.0,8,2.7,77.0,1050.0,0,215.6,1050.0,1,1,3,0.15606936416184972,2.962962962962963,0.5869565217391305,0.25,Budget,Windows
1253,HP,Notebook,15.6,Windows 10,0,0,1920.0,1080.0,141.21199808219862,Intel,i3,0.0,Intel,0,1000.0,0.0,0.0,0.0,1000.0,4,2.1,60.0,520.0,1,0.0,0.0,0,1,1,0.13461538461538464,1.9047619047619047,0.4565217391304348,0.125,Business,Windows
931,MSI,Gaming,17.3,Windows 10,0,0,1920.0,1080.0,127.33567457123111,Intel,i7,2.8,Nvidia,1,1000.0,256.0,0.0,0.0,1256.0,16,2.7,77.0,1050.0,0,215.6,1050.0,1,1,3,0.15606936416184972,5.925925925925926,0.5869565217391305,0.5,Budget,Windows
232,Asus,Notebook,15.6,Windows 10,0,0,1920.0,1080.0,141.21199808219862,Intel,i5,2.5,Nvidia,1,0.0,256.0,0.0,0.0,256.0,8,2.0,72.0,920.0,0,180.0,920.0,1,0,2,0.12820512820512822,4.0,0.4347826086956522,0.25,Budget,Windows
1174,MSI,Gaming,17.3,Windows 10,0,0,1920.0,1080.0,127.33567457123111,Intel,i7,2.8,Nvidia,1,1000.0,256.0,0.0,0.0,1256.0,16,2.7,77.0,1050.0,0,215.6,1050.0,1,1,3,0.15606936416184972,5.925925925925926,0.5869565217391305,0.5,Budget,Windows
969,Dell,Gaming,17.3,Windows 10,0,1,3840.0,2160.0,254.67134914246222,Intel,i7,2.8,Nvidia,1,1000.0,512.0,0.0,0.0,1512.0,16,4.36,77.0,1070.0,0,215.6,1070.0,1,1,3,0.2520231213872832,3.6697247706422016,0.9478260869565219,0.5,Business,Windows
548,Dell,Notebook,14.0,Windows 10,0,0,1920.0,1080.0,157.3505121487356,Intel,i3,0.0,Intel,0,0.0,128.0,0.0,0.0,128.0,4,1.6,60.0,520.0,1,0.0,0.0,1,0,2,0.1142857142857143,2.5,0.3478260869565218,0.125,Business,Windows
164,Asus,Notebook,15.6,Windows 10,0,0,1366.0,768.0,100.45466986113651,AMD,Other,0.0,AMD,1,1000.0,0.0,0.0,0.0,1000.0,4,2.03,94.0,420.0,0,0.0,420.0,0,1,1,0.1301282051282051,1.9704433497536948,0.44130434782608696,0.125,Budget,Windows
1047,HP,Notebook,14.0,Windows 7,0,0,1920.0,1080.0,157.3505121487356,Intel,i5,2.3,Intel,0,0.0,256.0,0.0,0.0,256.0,8,1.95,62.0,520.0,1,142.6,0.0,1,0,2,0.1392857142857143,4.102564102564103,0.4239130434782609,0.25,Business,Windows
77,Asus,Gaming,15.6,Windows 10,0,0,1920.0,1080.0,141.21199808219862,Intel,i7,2.8,Nvidia,1,1000.0,0.0,0.0,0.0,1000.0,8,2.2,77.0,1050.0,0,215.6,1050.0,0,1,1,0.14102564102564105,3.6363636363636362,0.47826086956521746,0.25,Budget,Windows
652,Acer,Notebook,15.6,Windows 10,0,0,1366.0,768.0,100.45466986113651,Intel,i3,0.0,Intel,0,500.0,0.0,0.0,0.0,500.0,4,2.4,60.0,520.0,1,0.0,0.0,0,1,1,0.15384615384615385,1.6666666666666667,0.5217391304347826,0.125,Budget,Windows
554,Lenovo,Notebook,15.6,No OS,0,0,1920.0,1080.0,141.21199808219862,Intel,i5,2.3,Intel,0,1000.0,0.0,0.0,0.0,1000.0,4,2.15,62.0,520.0,1,142.6,0.0,0,1,1,0.13782051282051283,1.8604651162790697,0.4673913043478261,0.125,Business,Other
512,Lenovo,Notebook,13.3,Windows 10,0,0,1920.0,1080.0,165.6321180513006,Intel,i5,2.5,Intel,0,0.0,256.0,0.0,0.0,256.0,8,1.44,72.0,620.0,1,180.0,0.0,1,0,2,0.10827067669172931,5.555555555555555,0.3130434782608696,0.25,Business,Windows
1127,Lenovo,Notebook,15.6,Windows 10,0,0,1366.0,768.0,100.45466986113651,Intel,i3,2.0,Intel,0,0.0,128.0,0.0,0.0,128.0,4,2.1,60.0,520.0,1,120.0,0.0,1,0,2,0.13461538461538464,1.9047619047619047,0.4565217391304348,0.125,Business,Windows
1131,Lenovo,Gaming,17.3,Windows 10,0,1,1920.0,1080.0,127.33567457123111,Intel,i7,2.7,Nvidia,1,0.0,256.0,0.0,1.0,257.0,16,4.6,68.0,980.0,0,183.60000000000002,980.0,1,0,2,0.2658959537572254,3.4782608695652177,1.0,0.5,Business,Windows
785,Lenovo,Notebook,15.6,Windows 7,0,0,3840.0,2160.0,282.42399616439724,Intel,i7,2.7,Nvidia,1,0.0,512.0,0.0,0.0,512.0,16,2.5,68.0,2000.0,0,183.60000000000002,2000.0,1,0,2,0.16025641025641027,6.4,0.5434782608695653,0.5,Business,Windows
140,Asus,Gaming,17.3,Windows 10,0,0,1920.0,1080.0,127.33567457123111,Intel,i5,2.5,Nvidia,1,1000.0,128.0,0.0,0.0,1128.0,8,3.0,73.0,1050.0,0,182.5,1050.0,1,1,3,0.17341040462427745,2.6666666666666665,0.6521739130434783,0.25,Budget,Windows
1225,Lenovo,Notebook,15.6,Windows 10,0,0,1366.0,768.0,100.45466986113651,AMD,Other,2.2,AMD,1,500.0,0.0,0.0,0.0,500.0,4,2.2,90.0,0.0,0,198.00000000000003,0.0,0,1,1,0.14102564102564105,1.8181818181818181,0.47826086956521746,0.125,Business,Windows
922,LG,Ultrabook,14.0,Windows 10,1,1,1920.0,1080.0,157.3505121487356,Intel,i7,2.7,Intel,0,0.0,512.0,0.0,0.0,512.0,8,0.98,75.0,620.0,1,202.5,0.0,1,0,2,0.06999999999999999,8.16326530612245,0.21304347826086958,0.25,Budget,Windows
479,Google,Ultrabook,12.3,Chrome OS,1,0,2400.0,1600.0,234.50740003017813,Intel,i5,1.2,Intel,0,0.0,128.0,0.0,0.0,128.0,8,1.1,72.0,615.0,1,86.39999999999999,0.0,1,0,2,0.08943089430894309,7.2727272727272725,0.23913043478260873,0.25,Budget,Other
544,HP,Notebook,15.6,Windows 10,0,0,1920.0,1080.0,141.21199808219862,Intel,Pentium,1.6,Intel,0,0.0,256.0,0.0,0.0,256.0,4,1.86,37.0,405.0,1,59.2,0.0,1,0,2,0.11923076923076924,2.150537634408602,0.4043478260869566,0.125,Business,Windows
841,Asus,Notebook,15.6,Linux,0,0,1920.0,1080.0,141.21199808219862,Intel,i5,2.5,Nvidia,1,1000.0,0.0,0.0,0.0,1000.0,4,2.1,72.0,920.0,0,180.0,920.0,0,1,1,0.13461538461538464,1.9047619047619047,0.4565217391304348,0.125,Budget,Linux
478,HP,Notebook,15.6,Windows 10,0,0,1920.0,1080.0,141.21199808219862,Intel,i5,2.5,AMD,1,500.0,0.0,0.0,0.0,500.0,8,1.9,72.0,4190.0,0,180.0,4190.0,0,1,1,0.12179487179487179,4.2105263157894735,0.41304347826086957,0.25,Business,Windows
1155,HP,Ultrabook,15.6,Windows 7,0,0,1920.0,1080.0,141.21199808219862,Intel,i7,2.5,Intel,0,0.0,256.0,0.0,0.0,256.0,8,1.88,65.0,520.0,1,162.5,0.0,1,0,2,0.12051282051282051,4.25531914893617,0.40869565217391307,0.25,Business,Windows
113,Asus,Ultrabook,15.6,Windows 10,0,0,1920.0,1080.0,141.21199808219862,Intel,i7,1.8,Nvidia,1,1000.0,256.0,0.0,0.0,1256.0,16,1.5,85.0,150.0,0,153.0,150.0,1,1,3,0.09615384615384616,10.666666666666666,0.32608695652173914,0.5,Budget,Windows
284,Lenovo,Notebook,17.3,No OS,0,0,1920.0,1080.0,127.33567457123111,Intel,i7,1.8,Nvidia,1,2000.0,0.0,0.0,0.0,2000.0,8,2.8,85.0,150.0,0,153.0,150.0,0,1,1,0.16184971098265893,2.857142857142857,0.6086956521739131,0.25,Business,Other
415,Lenovo,Notebook,15.6,Windows 10,0,0,1920.0,1080.0,141.21199808219862,Intel,i3,0.0,Intel,0,500.0,0.0,0.0,0.0,500.0,4,2.2,60.0,520.0,1,0.0,0.0,0,1,1,0.14102564102564105,1.8181818181818181,0.47826086956521746,0.125,Business,Windows
735,Dell,2 in 1 Convertible,13.3,Windows 10,1,0,1920.0,1080.0,165.6321180513006,Intel,i3,2.4,Intel,0,1000.0,0.0,0.0,0.0,1000.0,4,1.71,71.0,620.0,1,170.4,0.0,0,1,1,0.12857142857142856,2.3391812865497075,0.3717391304347826,0.125,Business,Windows
604,Lenovo,Notebook,14.0,Windows 10,0,1,1920.0,1080.0,157.3505121487356,Intel,i5,2.5,Intel,0,0.0,256.0,0.0,0.0,256.0,8,1.7,73.0,630.0,1,182.5,0.0,1,0,2,0.12142857142857143,4.705882352941177,0.3695652173913044,0.25,Business,Windows
33,HP,Notebook,17.3,Windows 10,0,0,1920.0,1080.0,127.33567457123111,AMD,Other,2.5,AMD,1,500.0,0.0,0.0,0.0,500.0,4,2.71,92.0,530.0,0,230.0,530.0,0,1,1,0.15664739884393064,1.4760147601476015,0.5891304347826087,0.125,Business,Windows
177,Toshiba,Notebook,15.6,Windows 10,0,0,1366.0,768.0,100.45466986113651,Intel,i3,2.4,Intel,0,500.0,0.0,0.0,0.0,500.0,4,2.0,71.0,620.0,1,170.4,0.0,0,1,1,0.12820512820512822,2.0,0.4347826086956522,0.125,Budget,Windows
363,Dell,Gaming,15.6,Windows 10,0,0,1920.0,1080.0,141.21199808219862,Intel,i5,2.5,Nvidia,1,1000.0,0.0,0.0,0.0,1000.0,8,2.65,73.0,1050.0,0,182.5,1050.0,0,1,1,0.16987179487179488,3.018867924528302,0.5760869565217391,0.25,Business,Windows
888,Xiaomi,Ultrabook,13.3,Windows 10,0,1,1920.0,1080.0,165.6321180513006,Intel,i5,2.3,Nvidia,1,0.0,256.0,0.0,0.0,256.0,8,1.28,62.0,940.0,0,142.6,940.0,1,0,2,0.09624060150375939,6.25,0.2782608695652174,0.25,Budget,Windows
530,HP,Notebook,15.6,Windows 10,0,0,1366.0,768.0,100.45466986113651,Intel,i3,0.0,Intel,0,0.0,128.0,0.0,0.0,128.0,4,1.63,60.0,520.0,1,0.0,0.0,1,0,2,0.10448717948717948,2.4539877300613497,0.35434782608695653,0.125,Business,Windows
150,Asus,Notebook,15.6,Windows 10,0,0,1920.0,1080.0,141.21199808219862,Intel,Celeron,1.1,Intel,0,1000.0,0.0,0.0,0.0,1000.0,4,2.0,33.0,500.0,1,36.300000000000004,0.0,0,1,1,0.12820512820512822,2.0,0.4347826086956522,0.125,Budget,Windows
62,Dell,Ultrabook,14.0,Windows 10,0,0,1920.0,1080.0,157.3505121487356,Intel,i5,1.6,Intel,0,0.0,256.0,0.0,0.0,256.0,8,1.7,82.0,620.0,1,131.20000000000002,0.0,1,0,2,0.12142857142857143,4.705882352941177,0.3695652173913044,0.25,Business,Windows
1212,Dell,2 in 1 Convertible,13.3,Windows 10,1,1,1920.0,1080.0,165.6321180513006,Intel,i5,2.5,Intel,0,0.0,256.0,0.0,0.0,256.0,8,1.6,72.0,620.0,1,180.0,0.0,1,0,2,0.12030075187969924,5.0,0.3478260869565218,0.25,Business,Windows
752,Lenovo,Workstation,15.6,Windows 10,0,1,3840.0,2160.0,282.42399616439724,Intel,i7,2.8,Nvidia,1,0.0,1000.0,0.0,0.0,1000.0,16,2.5,76.0,520.0,0,212.79999999999998,520.0,1,0,2,0.16025641025641027,6.4,0.5434782608695653,0.5,Business,Windows
851,Dell,Gaming,17.3,Windows 10,0,1,1920.0,1080.0,127.33567457123111,Intel,i7,2.8,Nvidia,1,1000.0,512.0,0.0,0.0,1512.0,32,4.42,77.0,1070.0,0,215.6,1070.0,1,1,3,0.25549132947976877,7.239819004524887,0.9608695652173913,1.0,Business,Windows
1097,Lenovo,2 in 1 Convertible,10.1,Windows 10,1,1,1920.0,1200.0,224.17380907857276,Intel,Atom,1.44,Intel,0,0.0,0.0,64.0,0.0,64.0,4,0.69,85.0,400.0,1,122.39999999999999,0.0,0,0,0,0.06831683168316831,5.797101449275363,0.15,0.125,Business,Windows
84,HP,Notebook,14.0,Windows 10,0,0,1920.0,1080.0,157.3505121487356,Intel,i5,1.6,Intel,0,0.0,256.0,0.0,0.0,256.0,8,1.63,82.0,620.0,1,131.20000000000002,0.0,1,0,2,0.11642857142857142,4.9079754601226995,0.35434782608695653,0.25,Business,Windows
1042,Dell,Ultrabook,13.3,Windows 10,1,0,3200.0,1800.0,276.053530085501,Intel,i5,2.5,Intel,0,0.0,256.0,0.0,0.0,256.0,8,1.29,72.0,620.0,1,180.0,0.0,1,0,2,0.09699248120300752,6.201550387596899,0.2804347826086957,0.25,Business,Windows
605,Dell,2 in 1 Convertible,12.5,Windows 10,1,0,1920.0,1080.0,176.23257360658386,Intel,i5,2.5,Intel,0,0.0,256.0,0.0,0.0,256.0,8,1.34,72.0,620.0,1,180.0,0.0,1,0,2,0.1072,5.970149253731343,0.291304347826087,0.25,Business,Windows
668,Dell,Notebook,14.0,Windows 10,0,0,1920.0,1080.0,157.3505121487356,Intel,i5,2.4,Intel,0,0.0,256.0,0.0,0.0,256.0,8,1.56,63.0,520.0,1,151.2,0.0,1,0,2,0.11142857142857143,5.128205128205128,0.33913043478260874,0.25,Business,Windows
1066,Dell,2 in 1 Convertible,15.6,Windows 10,1,1,1920.0,1080.0,141.21199808219862,Intel,i5,2.7,Intel,0,0.0,256.0,0.0,0.0,256.0,8,2.3,72.0,620.0,1,194.4,0.0,1,0,2,0.14743589743589744,3.4782608695652177,0.5,0.25,Business,Windows
1237,Acer,2 in 1 Convertible,14.0,Windows 10,1,1,1920.0,1080.0,157.3505121487356,Intel,i7,1.3,Intel,0,0.0,256.0,0.0,0.0,256.0,8,1.2,72.0,615.0,1,93.60000000000001,0.0,1,0,2,0.08571428571428572,6.666666666666667,0.2608695652173913,0.25,Budget,Windows
1259,Asus,Ultrabook,13.3,Windows 10,0,0,1920.0,1080.0,165.6321180513006,Intel,i7,2.5,Intel,0,0.0,256.0,0.0,0.0,256.0,8,1.45,65.0,520.0,1,162.5,0.0,1,0,2,0.10902255639097744,5.517241379310345,0.31521739130434784,0.25,Budget,Windows
198,Dell,2 in 1 Convertible,13.3,Windows 10,1,1,1920.0,1080.0,165.6321180513006,Intel,i7,1.8,Intel,0,1000.0,0.0,0.0,0.0,1000.0,8,1.62,85.0,620.0,1,153.0,0.0,0,1,1,0.12180451127819548,4.938271604938271,0.35217391304347834,0.25,Business,Windows
617,Lenovo,Notebook,15.6,Windows 10,0,1,3840.0,2160.0,282.42399616439724,Intel,Other,3.1,Nvidia,1,0.0,1000.0,0.0,0.0,1000.0,32,2.5,15.0,2200.0,0,46.5,2200.0,1,0,2,0.16025641025641027,12.8,0.5434782608695653,1.0,Business,Windows
420,Acer,2 in 1 Convertible,13.3,Windows 10,1,1,1920.0,1080.0,165.6321180513006,Intel,i7,2.5,Intel,0,0.0,256.0,0.0,0.0,256.0,8,1.6,65.0,520.0,1,162.5,0.0,1,0,2,0.12030075187969924,5.0,0.3478260869565218,0.25,Budget,Windows
1267,Dell,2 in 1 Convertible,13.3,Windows 10,1,0,3200.0,1800.0,276.053530085501,Intel,i5,1.2,Intel,0,0.0,256.0,0.0,0.0,256.0,8,1.24,72.0,615.0,1,86.39999999999999,0.0,1,0,2,0.09323308270676692,6.451612903225807,0.26956521739130435,0.25,Business,Windows
11,HP,Notebook,15.6,No OS,0,0,1366.0,768.0,100.45466986113651,Intel,i5,2.5,Intel,0,500.0,0.0,0.0,0.0,500.0,4,1.86,72.0,620.0,1,180.0,0.0,0,1,1,0.11923076923076924,2.150537634408602,0.4043478260869566,0.125,Business,Other
800,Vero,Notebook,14.0,Windows 10,0,0,1920.0,1080.0,157.3505121487356,Intel,Celeron,1.1,Intel,0,0.0,0.0,32.0,0.0,32.0,4,1.22,33.0,500.0,1,36.300000000000004,0.0,0,0,0,0.08714285714285715,3.278688524590164,0.26521739130434785,0.125,Budget,Windows
829,Lenovo,Notebook,15.6,Windows 10,0,0,1366.0,768.0,100.45466986113651,Intel,i3,0.0,Intel,0,500.0,0.0,0.0,0.0,500.0,4,2.1,60.0,520.0,1,0.0,0.0,0,1,1,0.13461538461538464,1.9047619047619047,0.4565217391304348,0.125,Business,Windows
368,Lenovo,Notebook,17.3,Windows 10,0,0,1600.0,900.0,106.11306214269258,Intel,i5,2.5,Nvidia,1,1000.0,128.0,0.0,0.0,1128.0,6,2.8,72.0,940.0,0,180.0,940.0,1,1,3,0.16184971098265893,2.142857142857143,0.6086956521739131,0.1875,Business,Windows
1164,HP,Ultrabook,12.5,Windows 7,0,0,1920.0,1080.0,176.23257360658386,Intel,i7,2.5,Intel,0,0.0,256.0,0.0,0.0,256.0,8,1.26,65.0,520.0,1,162.5,0.0,1,0,2,0.1008,6.349206349206349,0.2739130434782609,0.25,Business,Windows
809,HP,Workstation,15.6,Windows 10,0,0,1920.0,1080.0,141.21199808219862,Intel,i7,2.8,Nvidia,1,0.0,256.0,0.0,0.0,256.0,8,3.14,77.0,2200.0,0,215.6,2200.0,1,0,2,0.2012820512820513,2.5477707006369426,0.682608695652174,0.25,Business,Windows
1255,Dell,Notebook,15.6,Windows 7,0,0,1366.0,768.0,100.45466986113651,Intel,i5,2.3,Intel,0,500.0,0.0,0.0,0.0,500.0,4,2.24,62.0,520.0,1,142.6,0.0,0,1,1,0.1435897435897436,1.7857142857142856,0.4869565217391305,0.125,Business,Windows
793,Lenovo,Ultrabook,14.0,Windows 10,0,0,1920.0,1080.0,157.3505121487356,Intel,i7,2.7,Intel,0,0.0,512.0,0.0,0.0,512.0,16,1.7,75.0,620.0,1,202.5,0.0,1,0,2,0.12142857142857143,9.411764705882353,0.3695652173913044,0.5,Business,Windows
1142,HP,Ultrabook,12.5,Windows 7,0,0,1366.0,768.0,125.36742798669837,Intel,i5,2.4,Intel,0,0.0,256.0,0.0,0.0,256.0,8,1.26,63.0,520.0,1,151.2,0.0,1,0,2,0.1008,6.349206349206349,0.2739130434782609,0.25,Business,Windows
47,Lenovo,Notebook,15.6,No OS,0,0,1366.0,768.0,100.45466986113651,Intel,i3,0.0,Intel,0,0.0,128.0,0.0,0.0,128.0,4,2.2,60.0,520.0,1,0.0,0.0,1,0,2,0.14102564102564105,1.8181818181818181,0.47826086956521746,0.125,Business,Other
1264,Dell,Notebook,14.0,Windows 10,0,0,1366.0,768.0,111.93520355955211,Intel,i5,2.5,Intel,0,500.0,0.0,0.0,0.0,500.0,4,1.6,72.0,620.0,1,180.0,0.0,0,1,1,0.1142857142857143,2.5,0.3478260869565218,0.125,Business,Windows
428,Chuwi,Notebook,12.3,Windows 10,0,1,2736.0,1824.0,267.3384360344031,Intel,Celeron,1.1,Intel,0,0.0,0.0,64.0,0.0,64.0,6,1.4,34.0,500.0,1,37.400000000000006,0.0,0,0,0,0.1138211382113821,4.285714285714286,0.30434782608695654,0.1875,Budget,Windows
1308,Dell,Notebook,15.6,Windows 10,0,0,1366.0,768.0,100.45466986113651,Intel,i3,2.4,Intel,0,1000.0,0.0,0.0,0.0,1000.0,6,2.3,71.0,620.0,1,170.4,0.0,0,1,1,0.14743589743589744,2.608695652173913,0.5,0.1875,Business,Windows
374,Dell,Notebook,15.6,Windows 10,0,0,1920.0,1080.0,141.21199808219862,Intel,i7,2.7,AMD,1,0.0,256.0,0.0,0.0,256.0,8,2.33,75.0,445.0,0,202.5,445.0,1,0,2,0.14935897435897436,3.4334763948497855,0.5065217391304349,0.25,Business,Windows
301,Acer,Notebook,15.6,Linux,0,0,1920.0,1080.0,141.21199808219862,Intel,i7,2.8,Nvidia,1,0.0,256.0,0.0,0.0,256.0,8,2.5,77.0,1050.0,0,215.6,1050.0,1,0,2,0.16025641025641027,3.2,0.5434782608695653,0.25,Budget,Linux
767,Dell,Gaming,15.6,Windows 10,0,1,3840.0,2160.0,282.42399616439724,Intel,i7,2.8,Nvidia,1,1000.0,256.0,0.0,0.0,1256.0,16,4.42,77.0,1070.0,0,215.6,1070.0,1,1,3,0.2833333333333333,3.6199095022624435,0.9608695652173913,0.5,Business,Windows
1009,Asus,Notebook,13.3,Windows 10,0,0,3200.0,1800.0,276.053530085501,Intel,i5,2.5,Intel,0,0.0,256.0,0.0,0.0,256.0,8,1.4,72.0,620.0,1,180.0,0.0,1,0,2,0.10526315789473684,5.714285714285714,0.30434782608695654,0.25,Budget,Windows
82,Dell,Ultrabook,15.6,Windows 10,0,1,1920.0,1080.0,141.21199808219862,Intel,i5,1.6,Intel,0,0.0,256.0,0.0,0.0,256.0,8,1.88,82.0,620.0,1,131.20000000000002,0.0,1,0,2,0.12051282051282051,4.25531914893617,0.40869565217391307,0.25,Business,Windows
280,Dell,Notebook,15.6,Windows 10,0,0,1366.0,768.0,100.45466986113651,Intel,i7,2.7,Intel,0,1000.0,0.0,0.0,0.0,1000.0,12,2.3,75.0,620.0,1,202.5,0.0,0,1,1,0.14743589743589744,5.217391304347826,0.5,0.375,Business,Windows
940,Lenovo,Ultrabook,12.5,Windows 10,0,1,1920.0,1080.0,176.23257360658386,Intel,i7,2.7,Intel,0,0.0,256.0,0.0,0.0,256.0,8,1.36,75.0,620.0,1,202.5,0.0,1,0,2,0.10880000000000001,5.88235294117647,0.29565217391304355,0.25,Business,Windows
1172,Dell,Notebook,15.6,Windows 10,1,1,3840.0,2160.0,282.42399616439724,Intel,i5,2.3,Nvidia,1,0.0,256.0,0.0,0.0,256.0,8,2.04,63.0,960.0,0,144.89999999999998,960.0,1,0,2,0.13076923076923078,3.9215686274509802,0.44347826086956527,0.25,Business,Windows
1157,MSI,Gaming,15.6,Windows 10,0,0,1920.0,1080.0,141.21199808219862,Intel,i7,2.8,Nvidia,1,1000.0,128.0,0.0,0.0,1128.0,8,2.4,77.0,1050.0,0,215.6,1050.0,1,1,3,0.15384615384615385,3.3333333333333335,0.5217391304347826,0.25,Budget,Windows
1238,Lenovo,Notebook,15.6,Windows 10,0,1,1920.0,1080.0,141.21199808219862,Intel,i7,2.6,Intel,0,0.0,256.0,0.0,0.0,256.0,8,2.3,66.0,520.0,1,171.6,0.0,1,0,2,0.14743589743589744,3.4782608695652177,0.5,0.25,Business,Windows
315,Lenovo,Notebook,13.3,Windows 10,0,1,1920.0,1080.0,165.6321180513006,Intel,i5,2.5,Intel,0,0.0,256.0,0.0,0.0,256.0,8,1.1,72.0,620.0,1,180.0,0.0,1,0,2,0.08270676691729323,7.2727272727272725,0.23913043478260873,0.25,Business,Windows
583,Toshiba,Ultrabook,14.0,Windows 10,1,0,1920.0,1080.0,157.3505121487356,Intel,i7,2.7,Intel,0,0.0,512.0,0.0,0.0,512.0,16,1.24,75.0,620.0,1,202.5,0.0,1,0,2,0.08857142857142856,12.903225806451614,0.26956521739130435,0.5,Budget,Windows
704,Lenovo,2 in 1 Convertible,14.0,Windows 10,1,0,1920.0,1080.0,157.3505121487356,Intel,i7,2.7,Intel,0,0.0,512.0,0.0,0.0,512.0,16,1.38,75.0,620.0,1,202.5,0.0,1,0,2,0.09857142857142856,11.594202898550726,0.3,0.5,Business,Windows
649,HP,Notebook,17.0,Windows 10,0,0,1600.0,900.0,107.98564559226952,AMD,Other,0.0,AMD,1,1000.0,0.0,0.0,0.0,1000.0,8,2.6,94.0,0.0,0,0.0,0.0,0,1,1,0.15294117647058825,3.0769230769230766,0.5652173913043479,0.25,Business,Windows
897,Dell,Notebook,15.6,Linux,0,0,1366.0,768.0,100.45466986113651,Intel,i3,2.0,AMD,1,1000.0,0.0,0.0,0.0,1000.0,4,2.18,60.0,420.0,0,120.0,420.0,0,1,1,0.13974358974358975,1.8348623853211008,0.47391304347826096,0.125,Business,Linux
1064,Lenovo,Notebook,14.0,Windows 7,0,1,2560.0,1440.0,209.8006828649808,Intel,i7,2.6,Intel,0,0.0,256.0,0.0,0.0,256.0,16,1.1,66.0,520.0,1,171.6,0.0,1,0,2,0.07857142857142858,14.545454545454545,0.23913043478260873,0.5,Business,Windows
147,HP,Notebook,15.6,Windows 10,0,0,1366.0,768.0,100.45466986113651,AMD,Other,2.5,AMD,1,0.0,256.0,0.0,0.0,256.0,4,1.86,92.0,0.0,0,230.0,0.0,1,0,2,0.11923076923076924,2.150537634408602,0.4043478260869566,0.125,Business,Windows
274,Lenovo,Notebook,15.6,Windows 10,0,0,1920.0,1080.0,141.21199808219862,Intel,i7,1.8,Intel,0,0.0,256.0,0.0,0.0,256.0,8,2.05,85.0,620.0,1,153.0,0.0,1,0,2,0.13141025641025642,3.9024390243902443,0.44565217391304346,0.25,Business,Windows
1087,HP,Ultrabook,12.5,Windows 7,0,0,1920.0,1080.0,176.23257360658386,Intel,i5,2.3,Intel,0,0.0,256.0,0.0,0.0,256.0,8,1.26,62.0,520.0,1,142.6,0.0,1,0,2,0.1008,6.349206349206349,0.2739130434782609,0.25,Business,Windows
1193,Asus,Notebook,14.0,Windows 10,0,0,1920.0,1080.0,157.3505121487356,Intel,i3,2.4,Intel,0,0.0,256.0,0.0,0.0,256.0,4,2.0,71.0,620.0,1,170.4,0.0,1,0,2,0.14285714285714285,2.0,0.4347826086956522,0.125,Budget,Windows
1045,Acer,Notebook,15.6,Windows 10,0,0,1366.0,768.0,100.45466986113651,AMD,Other,0.0,AMD,1,1000.0,0.0,0.0,0.0,1000.0,6,2.1,94.0,0.0,0,0.0,0.0,0,1,1,0.13461538461538464,2.857142857142857,0.4565217391304348,0.1875,Budget,Windows
433,Dell,Notebook,15.6,Windows 10,0,0,1920.0,1080.0,141.21199808219862,Intel,i7,1.8,AMD,1,2000.0,256.0,0.0,0.0,2256.0,8,2.02,85.0,530.0,0,153.0,530.0,1,1,3,0.1294871794871795,3.9603960396039604,0.4391304347826087,0.25,Business,Windows
68,HP,Notebook,15.6,Windows 10,0,0,1366.0,768.0,100.45466986113651,Intel,i3,0.0,AMD,1,500.0,0.0,0.0,0.0,500.0,4,1.86,60.0,520.0,0,0.0,520.0,0,1,1,0.11923076923076924,2.150537634408602,0.4043478260869566,0.125,Business,Windows
1141,Lenovo,2 in 1 Convertible,10.1,Windows 10,1,1,1920.0,1200.0,224.17380907857276,Intel,Atom,1.44,Intel,0,0.0,0.0,64.0,0.0,64.0,4,0.69,85.0,400.0,1,122.39999999999999,0.0,0,0,0,0.06831683168316831,5.797101449275363,0.15,0.125,Business,Windows
777,Samsung,Ultrabook,13.3,Windows 10,1,0,1920.0,1080.0,165.6321180513006,Intel,i7,2.7,Intel,0,0.0,256.0,0.0,0.0,256.0,8,1.31,75.0,620.0,1,202.5,0.0,1,0,2,0.09849624060150376,6.106870229007633,0.2847826086956522,0.25,Budget,Windows
72,Microsoft,Ultrabook,13.5,Windows 10 S,1,0,2256.0,1504.0,200.84255993695703,Intel,i5,2.5,Intel,0,0.0,128.0,0.0,0.0,128.0,4,1.252,72.0,620.0,1,180.0,0.0,1,0,2,0.09274074074074073,3.194888178913738,0.27217391304347827,0.125,Premium,Windows
900,Lenovo,Notebook,17.3,Windows 10,0,0,1600.0,900.0,106.11306214269258,AMD,Other,2.2,AMD,1,500.0,0.0,0.0,0.0,500.0,4,2.8,72.0,0.0,0,158.4,0.0,0,1,1,0.16184971098265893,1.4285714285714286,0.6086956521739131,0.125,Business,Windows
419,HP,Notebook,15.6,Windows 10,0,0,1920.0,1080.0,141.21199808219862,Intel,i3,0.0,AMD,1,1000.0,0.0,0.0,0.0,1000.0,4,2.1,60.0,520.0,0,0.0,520.0,0,1,1,0.13461538461538464,1.9047619047619047,0.4565217391304348,0.125,Business,Windows
577,HP,Workstation,17.3,Windows 10,0,0,1600.0,900.0,106.11306214269258,Intel,i5,2.8,Nvidia,1,500.0,0.0,0.0,0.0,500.0,8,3.14,74.0,1200.0,0,207.2,1200.0,0,1,1,0.1815028901734104,2.5477707006369426,0.682608695652174,0.25,Business,Windows
656,Toshiba,Notebook,13.3,Windows 10,0,0,1920.0,1080.0,165.6321180513006,Intel,i5,2.3,Intel,0,0.0,256.0,0.0,0.0,256.0,8,1.2,62.0,520.0,1,142.6,0.0,1,0,2,0.09022556390977443,6.666666666666667,0.2608695652173913,0.25,Budget,Windows
249,Lenovo,2 in 1 Convertible,13.9,Windows 10,1,1,1920.0,1080.0,158.48253022174808,Intel,i7,2.7,Intel,0,0.0,256.0,0.0,0.0,256.0,8,1.38,75.0,620.0,1,202.5,0.0,1,0,2,0.09928057553956833,5.797101449275363,0.3,0.25,Business,Windows
713,Dell,Notebook,15.6,Windows 10,0,0,1920.0,1080.0,141.21199808219862,Intel,i5,2.5,Intel,0,0.0,256.0,0.0,0.0,256.0,8,2.18,72.0,620.0,1,180.0,0.0,1,0,2,0.13974358974358975,3.6697247706422016,0.47391304347826096,0.25,Business,Windows
1272,Dell,Notebook,15.6,Windows 10,0,0,1366.0,768.0,100.45466986113651,Intel,Pentium,1.6,Intel,0,500.0,0.0,0.0,0.0,500.0,4,2.2,37.0,0.0,1,59.2,0.0,0,1,1,0.14102564102564105,1.8181818181818181,0.47826086956521746,0.125,Business,Windows
300,Lenovo,Gaming,15.6,Windows 10,0,1,1920.0,1080.0,141.21199808219862,Intel,i7,2.8,Nvidia,1,1000.0,0.0,0.0,0.0,1000.0,8,3.2,77.0,1060.0,0,215.6,1060.0,0,1,1,0.20512820512820515,2.5,0.6956521739130436,0.25,Business,Windows
457,HP,Notebook,15.6,Windows 10,0,0,1366.0,768.0,100.45466986113651,Intel,i5,2.5,Intel,0,0.0,128.0,0.0,0.0,128.0,8,1.91,72.0,620.0,1,180.0,0.0,1,0,2,0.12243589743589743,4.18848167539267,0.4152173913043478,0.25,Business,Windows
268,Dell,Notebook,15.6,Windows 10,0,0,1920.0,1080.0,141.21199808219862,Intel,i5,2.5,Intel,0,1000.0,0.0,0.0,0.0,1000.0,4,2.18,72.0,620.0,1,180.0,0.0,0,1,1,0.13974358974358975,1.8348623853211008,0.47391304347826096,0.125,Business,Windows
122,Asus,Notebook,15.6,Windows 10,0,0,1920.0,1080.0,141.21199808219862,Intel,i7,1.8,Nvidia,1,0.0,256.0,0.0,0.0,256.0,8,1.7,85.0,940.0,0,153.0,940.0,1,0,2,0.10897435897435898,4.705882352941177,0.3695652173913044,0.25,Budget,Windows
531,Dell,Notebook,17.3,Linux,0,1,1920.0,1080.0,127.33567457123111,Intel,i5,1.6,AMD,1,1000.0,128.0,0.0,0.0,1128.0,8,2.8,82.0,530.0,0,131.20000000000002,530.0,1,1,3,0.16184971098265893,2.857142857142857,0.6086956521739131,0.25,Business,Linux
399,Acer,Notebook,15.6,Windows 10,0,1,1366.0,768.0,100.45466986113651,Intel,i5,1.6,Nvidia,1,1000.0,0.0,0.0,0.0,1000.0,12,2.2,82.0,130.0,0,131.20000000000002,130.0,0,1,1,0.14102564102564105,5.454545454545454,0.47826086956521746,0.375,Budget,Windows
109,Lenovo,Notebook,15.6,Windows 10,0,0,1920.0,1080.0,141.21199808219862,Intel,i3,0.0,Intel,0,1000.0,0.0,0.0,0.0,1000.0,4,1.85,60.0,520.0,1,0.0,0.0,0,1,1,0.1185897435897436,2.162162162162162,0.4021739130434783,0.125,Business,Windows
971,HP,2 in 1 Convertible,11.6,Windows 10,1,0,1366.0,768.0,135.0942111925629,Intel,Pentium,1.1,Intel,0,0.0,256.0,0.0,0.0,256.0,4,1.45,42.0,505.0,1,46.2,0.0,1,0,2,0.125,2.7586206896551726,0.31521739130434784,0.125,Business,Windows
310,Lenovo,Notebook,15.6,No OS,0,0,1366.0,768.0,100.45466986113651,Intel,Pentium,1.1,Intel,0,1000.0,0.0,0.0,0.0,1000.0,4,2.2,42.0,505.0,1,46.2,0.0,0,1,1,0.14102564102564105,1.8181818181818181,0.47826086956521746,0.125,Business,Other
692,Lenovo,2 in 1 Convertible,13.3,Windows 10,1,1,1920.0,1080.0,165.6321180513006,Intel,i7,1.8,Intel,0,0.0,512.0,0.0,0.0,512.0,8,1.19,85.0,620.0,1,153.0,0.0,1,0,2,0.0894736842105263,6.722689075630252,0.25869565217391305,0.25,Business,Windows
392,Lenovo,Notebook,13.3,Windows 10,0,1,1920.0,1080.0,165.6321180513006,Intel,i3,2.4,Intel,0,0.0,128.0,0.0,0.0,128.0,4,1.5,71.0,620.0,1,170.4,0.0,1,0,2,0.11278195488721804,2.6666666666666665,0.32608695652173914,0.125,Business,Windows
812,Dell,Notebook,15.6,Windows 10,1,0,3840.0,2160.0,282.42399616439724,Intel,i5,2.5,Nvidia,1,0.0,256.0,0.0,0.0,256.0,8,2.06,73.0,1050.0,0,182.5,1050.0,1,0,2,0.13205128205128205,3.883495145631068,0.44782608695652176,0.25,Business,Windows
794,MSI,Gaming,14.0,Windows 10,0,1,1920.0,1080.0,157.3505121487356,Intel,i7,2.8,Nvidia,1,1000.0,256.0,0.0,0.0,1256.0,16,1.6,77.0,1060.0,0,215.6,1060.0,1,1,3,0.1142857142857143,10.0,0.3478260869565218,0.5,Budget,Windows
950,Dell,Notebook,15.6,Windows 10,0,0,1366.0,768.0,100.45466986113651,Intel,i3,2.0,Intel,0,1000.0,0.0,0.0,0.0,1000.0,4,2.18,60.0,520.0,1,120.0,0.0,0,1,1,0.13974358974358975,1.8348623853211008,0.47391304347826096,0.125,Business,Windows
173,HP,Notebook,13.3,Windows 10,0,1,1920.0,1080.0,165.6321180513006,Intel,i5,1.6,Intel,0,500.0,0.0,0.0,0.0,500.0,4,1.49,82.0,620.0,1,131.20000000000002,0.0,0,1,1,0.11203007518796992,2.684563758389262,0.3239130434782609,0.125,Business,Windows
892,HP,2 in 1 Convertible,15.6,Windows 10,1,0,1366.0,768.0,100.45466986113651,Intel,i5,2.5,Intel,0,500.0,0.0,0.0,0.0,500.0,4,2.3,72.0,620.0,1,180.0,0.0,0,1,1,0.14743589743589744,1.7391304347826089,0.5,0.125,Business,Windows
1143,Lenovo,Gaming,15.6,No OS,0,1,1920.0,1080.0,141.21199808219862,Intel,i5,2.5,Nvidia,1,1000.0,128.0,0.0,0.0,1128.0,8,2.4,73.0,1060.0,0,182.5,1060.0,1,1,3,0.15384615384615385,3.3333333333333335,0.5217391304347826,0.25,Business,Other
665,Dell,Notebook,15.6,Windows 10,0,0,1920.0,1080.0,141.21199808219862,Intel,i7,1.8,AMD,1,2000.0,256.0,0.0,0.0,2256.0,16,2.2,85.0,530.0,0,153.0,530.0,1,1,3,0.14102564102564105,7.2727272727272725,0.47826086956521746,0.5,Business,Windows
776,Dell,Gaming,15.6,Windows 10,1,1,3840.0,2160.0,282.42399616439724,Intel,i7,2.6,Nvidia,1,1000.0,128.0,0.0,0.0,1128.0,16,2.72,67.0,960.0,0,174.20000000000002,960.0,1,1,3,0.17435897435897438,5.88235294117647,0.5913043478260871,0.5,Business,Windows
868,HP,2 in 1 Convertible,13.3,Windows 10,1,0,1920.0,1080.0,165.6321180513006,Intel,i7,2.8,Intel,0,0.0,256.0,0.0,0.0,256.0,8,1.28,76.0,620.0,1,212.79999999999998,0.0,1,0,2,0.09624060150375939,6.25,0.2782608695652174,0.25,Business,Windows
658,Asus,Gaming,17.3,Windows 10,0,1,1920.0,1080.0,127.33567457123111,Intel,i7,2.7,Nvidia,1,0.0,512.0,0.0,0.0,512.0,32,3.8,68.0,1080.0,0,183.60000000000002,1080.0,1,0,2,0.21965317919075142,8.421052631578947,0.8260869565217391,1.0,Budget,Windows
1023,HP,Notebook,14.0,Windows 10,0,0,1366.0,768.0,111.93520355955211,Intel,i3,2.4,Intel,0,500.0,0.0,0.0,0.0,500.0,4,1.64,71.0,620.0,1,170.4,0.0,0,1,1,0.11714285714285713,2.4390243902439024,0.3565217391304348,0.125,Business,Windows
495,Lenovo,Ultrabook,12.5,Windows 10,0,1,1920.0,1080.0,176.23257360658386,Intel,i7,2.7,Intel,0,0.0,512.0,0.0,0.0,512.0,16,1.36,75.0,620.0,1,202.5,0.0,1,0,2,0.10880000000000001,11.76470588235294,0.29565217391304355,0.5,Business,Windows
885,Samsung,Ultrabook,15.0,Windows 10,0,0,1920.0,1080.0,146.86047800548656,Intel,i7,2.7,Nvidia,1,0.0,256.0,0.0,0.0,256.0,16,1.23,75.0,940.0,0,202.5,940.0,1,0,2,0.082,13.008130081300813,0.2673913043478261,0.5,Budget,Windows
1220,Dell,2 in 1 Convertible,15.6,Windows 10,1,0,1920.0,1080.0,141.21199808219862,Intel,i7,1.8,Intel,0,0.0,512.0,0.0,0.0,512.0,16,2.0,85.0,620.0,1,153.0,0.0,1,0,2,0.12820512820512822,8.0,0.4347826086956522,0.5,Business,Windows
332,Acer,Notebook,15.6,Windows 10,0,0,1366.0,768.0,100.45466986113651,Intel,i5,2.5,Intel,0,1000.0,0.0,0.0,0.0,1000.0,6,2.23,72.0,620.0,1,180.0,0.0,0,1,1,0.14294871794871794,2.690582959641256,0.4847826086956522,0.1875,Budget,Windows
192,Acer,Ultrabook,13.3,Windows 10,0,1,1920.0,1080.0,165.6321180513006,Intel,i5,1.2,Intel,0,0.0,256.0,0.0,0.0,256.0,8,1.12,72.0,615.0,1,86.39999999999999,0.0,1,0,2,0.08421052631578947,7.142857142857142,0.24347826086956526,0.25,Budget,Windows
429,HP,Notebook,15.6,Windows 10,0,0,1920.0,1080.0,141.21199808219862,Intel,i7,2.9,Intel,0,0.0,256.0,0.0,0.0,256.0,8,2.31,78.0,630.0,1,226.2,0.0,1,0,2,0.14807692307692308,3.463203463203463,0.5021739130434784,0.25,Business,Windows
1079,MSI,Gaming,15.6,Windows 10,0,0,1920.0,1080.0,141.21199808219862,Intel,i7,2.6,Nvidia,1,1000.0,256.0,0.0,0.0,1256.0,16,1.8,67.0,1060.0,0,174.20000000000002,1060.0,1,1,3,0.11538461538461539,8.88888888888889,0.391304347826087,0.5,Budget,Windows
846,Toshiba,Notebook,15.6,Windows 10,0,0,1366.0,768.0,100.45466986113651,Intel,i3,2.4,Intel,0,500.0,0.0,0.0,0.0,500.0,4,2.0,71.0,620.0,1,170.4,0.0,0,1,1,0.12820512820512822,2.0,0.4347826086956522,0.125,Budget,Windows
561,HP,Notebook,17.3,Windows 10,0,0,1920.0,1080.0,127.33567457123111,Intel,i7,2.7,Nvidia,1,1000.0,0.0,0.0,0.0,1000.0,8,2.63,75.0,930.0,0,202.5,930.0,0,1,1,0.15202312138728322,3.0418250950570345,0.5717391304347826,0.25,Business,Windows
330,Acer,Notebook,15.6,Windows 10,0,0,1366.0,768.0,100.45466986113651,AMD,Other,2.7,AMD,1,0.0,256.0,0.0,0.0,256.0,8,2.2,97.0,540.0,0,261.90000000000003,540.0,1,0,2,0.14102564102564105,3.6363636363636362,0.47826086956521746,0.25,Budget,Windows
158,HP,Notebook,15.6,Windows 10,0,0,1920.0,1080.0,141.21199808219862,Intel,i5,1.6,AMD,1,0.0,256.0,0.0,0.0,256.0,6,1.91,82.0,520.0,0,131.20000000000002,520.0,1,0,2,0.12243589743589743,3.141361256544503,0.4152173913043478,0.1875,Business,Windows
127,Acer,Notebook,15.6,Windows 10,0,0,1366.0,768.0,100.45466986113651,AMD,Other,0.0,AMD,1,0.0,256.0,0.0,0.0,256.0,4,2.1,94.0,0.0,0,0.0,0.0,1,0,2,0.13461538461538464,1.9047619047619047,0.4565217391304348,0.125,Budget,Windows
38,Dell,Notebook,17.3,Windows 10,0,1,1920.0,1080.0,127.33567457123111,Intel,i5,1.6,AMD,1,1000.0,128.0,0.0,0.0,1128.0,8,2.8,82.0,530.0,0,131.20000000000002,530.0,1,1,3,0.16184971098265893,2.857142857142857,0.6086956521739131,0.25,Business,Windows
1032,Toshiba,Notebook,14.0,Windows 10,0,1,1920.0,1080.0,157.3505121487356,Intel,i5,2.3,Intel,0,0.0,256.0,0.0,0.0,256.0,8,1.47,62.0,520.0,1,142.6,0.0,1,0,2,0.105,5.442176870748299,0.3195652173913044,0.25,Budget,Windows
1201,Acer,Notebook,15.6,Windows 10,0,0,1366.0,768.0,100.45466986113651,Intel,Celeron,0.0,Intel,0,500.0,0.0,0.0,0.0,500.0,4,2.1,33.0,500.0,1,0.0,0.0,0,1,1,0.13461538461538464,1.9047619047619047,0.4565217391304348,0.125,Budget,Windows
646,Lenovo,2 in 1 Convertible,13.3,Windows 10,1,1,1920.0,1080.0,165.6321180513006,Intel,i7,2.7,Intel,0,0.0,256.0,0.0,0.0,256.0,8,1.37,75.0,620.0,1,202.5,0.0,1,0,2,0.10300751879699248,5.839416058394161,0.2978260869565218,0.25,Business,Windows
679,Lenovo,Notebook,15.6,Windows 10,0,0,1920.0,1080.0,141.21199808219862,Intel,i5,2.5,AMD,1,1000.0,128.0,0.0,0.0,1128.0,8,1.9,72.0,430.0,0,180.0,430.0,1,1,3,0.12179487179487179,4.2105263157894735,0.41304347826086957,0.25,Business,Windows
820,MSI,Gaming,17.3,Windows 10,0,0,1920.0,1080.0,127.33567457123111,Intel,i7,2.8,Nvidia,1,1000.0,512.0,0.0,0.0,1512.0,16,2.9,77.0,1070.0,0,215.6,1070.0,1,1,3,0.1676300578034682,5.517241379310345,0.6304347826086957,0.5,Budget,Windows
948,Toshiba,Notebook,14.0,Windows 10,0,1,1920.0,1080.0,157.3505121487356,Intel,i5,2.3,Intel,0,0.0,128.0,0.0,0.0,128.0,4,1.47,62.0,520.0,1,142.6,0.0,1,0,2,0.105,2.7210884353741496,0.3195652173913044,0.125,Budget,Windows
483,Dell,Workstation,15.6,Windows 10,0,0,1920.0,1080.0,141.21199808219862,Intel,i7,2.8,Nvidia,1,0.0,256.0,0.0,0.0,256.0,8,1.78,77.0,1200.0,0,215.6,1200.0,1,0,2,0.11410256410256411,4.49438202247191,0.3869565217391305,0.25,Business,Windows
1017,HP,Notebook,14.0,Windows 10,0,0,1366.0,768.0,111.93520355955211,Intel,i5,2.5,Intel,0,500.0,0.0,0.0,0.0,500.0,4,1.64,72.0,620.0,1,180.0,0.0,0,1,1,0.11714285714285713,2.4390243902439024,0.3565217391304348,0.125,Business,Windows
421,Asus,2 in 1 Convertible,13.3,Windows 10,1,1,1920.0,1080.0,165.6321180513006,Intel,i5,2.5,Intel,0,0.0,256.0,0.0,0.0,256.0,8,1.27,72.0,620.0,1,180.0,0.0,1,0,2,0.09548872180451128,6.299212598425196,0.27608695652173915,0.25,Budget,Windows
