laptop_ID,Company,TypeName,OpSys,Full_HD,IPS_Panel,Touchscreen,4K_Ultra_HD,Retina_Display,Quad_HDplus,PPI,Ram_GB,Weight_kg,SSD,HDD,Flash_Storage,Hybrid,Memory_GB,cpu_marca,cpu_familia,cpu_ghz,brand_gpu,family_gpu
1118,HP,Workstation,Windows 7,1,1,0,0,0,0,127.33567457123111,8,3.0,0,1,0,0,1024,Intel,I7,2.6,AMD,FirePro
153,Dell,Gaming,Windows 10,1,0,0,0,0,0,141.21199808219862,16,2.56,1,0,0,0,512,Intel,I7,2.8,Nvidia,GeForce
275,Apple,Ultrabook,macOS,0,1,0,0,1,0,226.98300468106115,8,1.37,1,0,0,0,512,Intel,I5,2.9,Intel,Iris
1100,HP,Notebook,Windows 7,1,0,0,0,0,0,157.3505121487356,4,1.54,0,1,0,0,500,Intel,I5,2.3,Intel,HD Graphics
131,Dell,Notebook,Windows 10,1,0,0,0,0,0,127.33567457123111,16,2.8,1,1,0,0,2304,Intel,I7,1.8,AMD,Radeon
1126,Dell,Notebook,Windows 7,0,0,0,0,0,0,100.45466986113651,4,2.24,0,1,0,0,500,Intel,I5,2.3,AMD,Radeon
203,HP,Notebook,Windows 10,1,0,0,0,0,0,127.33567457123111,8,2.5,1,0,0,0,256,Intel,I7,1.8,Nvidia,GeForce
853,Dell,Notebook,Windows 10,0,0,0,0,0,0,100.45466986113651,8,2.18,1,0,0,0,128,Intel,I5,2.5,Intel,HD Graphics
1244,Dell,Ultrabook,Windows 10,0,0,1,0,0,1,276.053530085501,8,1.29,1,0,0,0,256,Intel,I7,2.7,Intel,HD Graphics
585,MSI,Gaming,Windows 10,1,0,0,0,0,0,127.33567457123111,16,4.14,1,1,0,0,1536,Intel,I7,2.9,Nvidia,GeForce
819,HP,Gaming,Windows 10,1,1,0,0,0,0,127.33567457123111,12,3.74,0,1,0,0,1024,Intel,I7,2.8,AMD,Radeon
438,Lenovo,Notebook,Windows 10,1,1,0,0,0,0,165.6321180513006,8,1.4,1,0,0,0,256,Intel,I7,2.7,Intel,HD Graphics
296,Asus,Gaming,Windows 10,1,0,0,0,0,0,127.33567457123111,8,3.0,0,1,0,0,1024,Intel,I7,2.8,Nvidia,GeForce
993,Asus,Gaming,Windows 10,1,0,0,0,0,0,127.33567457123111,16,2.99,1,1,0,0,1280,Intel,I7,2.8,Nvidia,GeForce
898,Asus,Gaming,Windows 10,1,0,0,0,0,0,127.33567457123111,12,2.2,1,1,0,0,1152,Intel,I5,2.5,Nvidia,GeForce
831,Lenovo,Ultrabook,Windows 10,1,1,0,0,0,0,157.3505121487356,8,1.13,1,0,0,0,512,Intel,I7,2.7,Intel,HD Graphics
326,Lenovo,Notebook,Windows 10,0,0,0,0,0,0,106.11306214269258,4,2.79,0,1,0,0,1024,Intel,I5,2.5,Nvidia,GeForce
543,Dell,Notebook,Windows 10,1,0,0,0,0,0,141.21199808219862,8,2.2,1,0,0,0,256,Intel,I5,1.6,AMD,Radeon
1203,Asus,Gaming,Windows 10,1,1,0,0,0,0,141.21199808219862,8,2.591,1,1,0,0,1280,Intel,I7,2.6,Nvidia,GeForce
202,HP,Gaming,Windows 10,1,1,0,0,0,0,127.33567457123111,16,3.35,1,1,0,0,1280,Intel,I7,2.8,Nvidia,GeForce
1184,Lenovo,Notebook,Windows 10,1,1,0,0,0,0,141.21199808219862,8,1.95,1,0,0,0,256,Intel,I5,2.5,Intel,HD Graphics
709,Lenovo,Notebook,Windows 10,1,0,0,0,0,0,141.21199808219862,4,2.2,1,0,0,0,256,AMD,Other,2.9,AMD,Radeon
175,HP,Notebook,Windows 10,1,1,0,0,0,0,127.33567457123111,6,2.71,0,1,0,0,2048,Intel,I5,2.5,AMD,Radeon
1124,Asus,Gaming,Windows 10,1,1,0,0,0,0,141.21199808219862,16,2.59,1,1,0,0,1152,Intel,I7,2.6,Nvidia,GeForce
430,Asus,Notebook,Linux,1,0,0,0,0,0,141.21199808219862,8,2.3,0,1,0,0,1024,Intel,I3,2.4,Nvidia,GeForce
737,HP,Notebook,Windows 10,1,0,0,0,0,0,141.21199808219862,4,2.1,0,1,0,0,1024,AMD,Other,3.0,AMD,Radeon
406,Lenovo,Ultrabook,Windows 10,0,1,0,0,0,0,209.8006828649808,16,1.13,1,0,0,0,1024,Intel,I7,2.7,Intel,HD Graphics
987,Toshiba,Notebook,Windows 10,1,0,0,0,0,0,157.3505121487356,8,1.95,1,0,0,0,256,Intel,I5,2.3,Intel,HD Graphics
730,Lenovo,Ultrabook,Windows 10,1,1,0,0,0,0,157.3505121487356,8,1.32,1,0,0,0,256,Intel,I5,2.5,Intel,HD Graphics
303,Lenovo,Notebook,Windows 10,1,0,0,0,0,0,141.21199808219862,6,2.4,0,1,0,0,1024,AMD,Other,2.4,AMD,Radeon
1080,Dell,Ultrabook,Windows 10,1,0,0,0,0,0,165.6321180513006,8,1.29,1,0,0,0,256,Intel,I7,2.7,Intel,HD Graphics
542,Dell,Notebook,Windows 10,1,0,0,0,0,0,141.21199808219862,8,1.93,1,0,0,0,256,Intel,I7,2.8,Nvidia,GeForce
753,Acer,Notebook,Chrome OS,0,0,0,0,0,0,111.93520355955211,2,1.68,0,0,1,0,32,Intel,CELERON,1.6,Intel,HD Graphics
876,HP,Notebook,Windows 10,1,0,0,0,0,0,141.21199808219862,4,2.07,0,1,0,0,500,Intel,I5,2.3,Intel,HD Graphics
1104,Acer,Notebook,Windows 10,0,0,0,0,0,0,100.45466986113651,4,2.4,0,1,0,0,500,AMD,Other,2.2,AMD,Radeon
535,Dell,Notebook,Windows 10,1,0,0,0,0,0,141.21199808219862,4,2.3,0,1,0,0,500,Intel,I5,2.5,AMD,Radeon
83,Apple,Ultrabook,macOS,0,1,0,0,1,0,226.41554716935852,8,0.92,1,0,0,0,512,Intel,I5,1.3,Intel,HD Graphics
598,Lenovo,Notebook,Windows 10,1,0,0,0,0,0,141.21199808219862,12,2.2,1,0,0,0,512,AMD,Other,3.6,AMD,Radeon
477,HP,2 in 1 Convertible,Windows 10,0,1,1,1,0,0,331.2642361026012,8,1.29,1,0,0,0,512,Intel,I7,1.8,Intel,HD Graphics
1120,Dell,Ultrabook,Windows 7,0,0,0,0,0,0,125.36742798669837,8,1.5,1,0,0,0,256,Intel,I5,2.3,Intel,HD Graphics
359,HP,Workstation,Windows 10,1,0,0,0,0,0,141.21199808219862,8,2.6,1,0,0,0,256,Intel,I7,2.8,Nvidia,Quadro
862,Asus,Gaming,Windows 10,1,0,0,0,0,0,141.21199808219862,16,2.1,1,1,0,0,1152,Intel,I7,2.8,Nvidia,GeForce
448,Dell,Notebook,Windows 10,1,0,0,0,0,0,141.21199808219862,4,2.2,1,0,0,0,256,Intel,I5,1.6,AMD,Radeon
19,Lenovo,Notebook,No OS,1,0,0,0,0,0,141.21199808219862,8,2.2,0,1,0,0,1024,Intel,I3,2.4,Nvidia,GeForce
1206,Dell,Ultrabook,Linux,0,0,1,0,0,1,276.053530085501,8,1.23,1,0,0,0,256,Intel,I5,2.4,Intel,HD Graphics
551,Asus,Notebook,Windows 10,0,0,0,0,0,0,100.45466986113651,4,2.0,0,1,0,0,500,AMD,Other,1.8,AMD,Radeon
651,Asus,Gaming,No OS,1,1,0,0,0,0,141.21199808219862,8,2.5,0,1,0,0,1024,Intel,I7,2.8,Nvidia,GeForce
264,Lenovo,2 in 1 Convertible,Windows 10,1,1,1,0,0,0,141.21199808219862,8,2.0,1,0,0,0,512,Intel,I7,2.8,Nvidia,GeForce
211,Dell,Ultrabook,Windows 10,0,1,1,1,0,0,331.2642361026012,8,1.21,1,0,0,0,256,Intel,I7,1.8,Intel,HD Graphics
569,HP,Ultrabook,Windows 10,0,1,1,0,0,1,276.053530085501,16,1.16,1,0,0,0,512,Intel,Other,1.2,Intel,HD Graphics
165,Acer,Notebook,Windows 10,1,1,0,0,0,0,127.33567457123111,4,3.0,1,0,0,0,256,Intel,I5,1.6,Nvidia,GeForce
653,Lenovo,Notebook,Windows 10,0,0,0,0,0,0,111.93520355955211,4,1.43,0,0,1,0,32,Intel,CELERON,1.6,Intel,HD Graphics
965,Dell,Ultrabook,Windows 10,1,0,0,0,0,0,157.3505121487356,8,1.36,1,0,0,0,256,Intel,I7,2.8,Intel,HD Graphics
910,Dell,Notebook,Windows 10,0,0,0,0,0,0,100.45466986113651,4,2.18,0,1,0,0,1024,Intel,I3,2.0,AMD,Radeon
923,Dell,Notebook,Windows 10,1,0,0,0,0,0,157.3505121487356,8,1.6,1,0,0,0,256,Intel,I5,2.8,Intel,HD Graphics
1153,Dell,Notebook,Windows 10,0,0,0,0,0,0,100.45466986113651,8,2.5,0,1,0,0,1024,Intel,I5,2.5,AMD,Radeon
1068,Dell,Ultrabook,Windows 10,0,0,1,0,0,1,276.053530085501,16,1.2,1,0,0,0,1024,Intel,I7,2.7,Intel,HD Graphics
507,Asus,Netbook,Windows 10 S,0,0,0,0,0,0,135.0942111925629,4,1.2,0,0,1,0,64,Intel,CELERON,1.1,Intel,HD Graphics
909,HP,Notebook,Windows 10,1,0,0,0,0,0,141.21199808219862,8,2.04,0,1,0,0,1024,Intel,I7,2.7,Nvidia,GeForce
1008,Dell,2 in 1 Convertible,Windows 10,1,0,1,0,0,0,165.6321180513006,8,1.68,1,0,0,0,256,Intel,I5,2.5,Intel,HD Graphics
1318,Lenovo,Notebook,Windows 10,0,0,0,0,0,0,111.93520355955211,2,1.5,0,0,1,0,64,Intel,CELERON,1.6,Intel,HD Graphics
238,Dell,Notebook,Windows 10,1,0,0,0,0,0,157.3505121487356,8,1.6,1,0,0,0,256,Intel,I5,2.5,Intel,HD Graphics
691,HP,Notebook,Windows 10,1,1,0,0,0,0,127.33567457123111,4,2.5,1,0,0,0,256,Intel,I3,2.0,AMD,Radeon
614,Lenovo,Notebook,Windows 10,1,0,0,0,0,0,141.21199808219862,6,2.4,0,1,0,0,1024,Intel,I5,2.5,Intel,HD Graphics
35,Apple,Ultrabook,Mac OS X,0,0,0,0,0,0,127.67794013309688,8,1.35,0,0,1,0,256,Intel,I5,1.6,Intel,HD Graphics
966,Toshiba,Notebook,Windows 7,1,0,0,0,0,0,165.6321180513006,8,1.2,1,0,0,0,256,Intel,I5,2.3,Intel,HD Graphics
426,Lenovo,Ultrabook,Windows 10,1,1,0,0,0,0,157.3505121487356,8,1.75,1,0,0,0,256,Intel,I7,1.8,AMD,Radeon
869,Dell,Notebook,Windows 10,1,0,1,0,0,0,165.6321180513006,8,1.62,0,1,0,0,1024,Intel,I5,2.3,Intel,HD Graphics
843,Lenovo,Notebook,Windows 10,1,1,0,0,0,0,157.3505121487356,8,1.32,1,0,0,0,256,Intel,I5,2.6,Intel,HD Graphics
671,HP,Notebook,Windows 10,0,0,0,0,0,0,141.21199808219862,6,2.04,0,1,0,0,1024,Intel,I3,2.0,AMD,Radeon
955,Asus,Notebook,Windows 10,0,0,0,0,0,0,106.11306214269258,4,2.8,0,1,0,0,1024,Intel,PENTIUM,1.6,Nvidia,GeForce
1295,Acer,Notebook,Linux,0,0,0,0,0,0,100.45466986113651,4,2.4,0,1,0,0,500,Intel,CELERON,1.6,Intel,HD Graphics
562,Asus,Notebook,Linux,0,0,0,0,0,0,100.45466986113651,4,2.0,0,1,0,0,500,Intel,CELERON,1.1,Intel,HD Graphics
827,Dell,Gaming,Windows 10,1,1,0,0,0,0,127.33567457123111,16,4.36,1,1,0,0,1152,Intel,I7,2.8,Nvidia,GeForce
393,Dell,Workstation,Windows 10,1,0,0,0,0,0,141.21199808219862,8,2.23,0,1,0,0,500,Intel,I5,2.6,AMD,FirePro
126,HP,Notebook,Windows 10,1,0,0,0,0,0,127.33567457123111,16,2.5,1,0,0,0,512,Intel,I7,1.8,Nvidia,GeForce
32,Asus,Notebook,Windows 10,0,0,0,0,0,0,111.93520355955211,2,1.65,0,0,1,0,32,AMD,Other,1.5,AMD,Radeon
294,Lenovo,Notebook,No OS,1,0,0,0,0,0,141.21199808219862,8,2.2,0,1,0,0,1024,Intel,I7,2.7,Nvidia,GeForce
842,Lenovo,Notebook,Windows 10,1,0,0,0,0,0,157.3505121487356,8,1.7,1,0,0,0,256,Intel,I5,2.3,Intel,HD Graphics
567,Acer,2 in 1 Convertible,Windows 10,1,1,1,0,0,0,189.90579052433606,4,1.25,0,0,1,0,32,Intel,CELERON,2.0,Intel,HD Graphics
282,Acer,Notebook,Windows 10,1,1,0,0,0,0,141.21199808219862,8,2.2,0,1,0,0,1024,Intel,I7,1.8,Nvidia,GeForce
936,HP,Ultrabook,Windows 10,0,0,1,0,0,1,276.053530085501,8,1.39,1,0,0,0,256,Intel,I7,2.7,Intel,HD Graphics
215,Acer,Notebook,Linux,1,0,0,0,0,0,141.21199808219862,8,2.4,0,1,0,0,1024,Intel,I7,2.8,Nvidia,GeForce
1027,HP,Ultrabook,Windows 10,1,0,0,0,0,0,157.3505121487356,8,1.54,1,0,0,0,256,Intel,I7,2.5,Intel,HD Graphics
771,Google,Ultrabook,Chrome OS,0,0,1,0,0,0,234.50740003017813,8,1.1,1,0,0,0,256,Intel,I5,1.2,Intel,HD Graphics
1254,HP,Ultrabook,Windows 7,0,0,0,0,0,0,209.8006828649808,8,1.54,1,0,0,0,256,Intel,I7,2.5,Intel,HD Graphics
1171,Dell,Gaming,Windows 10,1,0,0,0,0,0,141.21199808219862,8,2.62,0,1,0,0,1024,Intel,I7,2.8,Nvidia,GeForce
224,Dell,2 in 1 Convertible,Windows 10,1,0,1,0,0,0,165.6321180513006,16,1.62,1,0,0,0,512,Intel,I7,1.8,Intel,HD Graphics
13,Apple,Ultrabook,macOS,0,1,0,0,1,0,220.53462386625827,16,1.83,1,0,0,0,256,Intel,I7,2.8,AMD,Radeon
574,Fujitsu,Notebook,Windows 10,0,0,0,0,0,0,100.45466986113651,8,2.2,0,1,0,0,1024,Intel,I5,2.5,Intel,HD Graphics
341,HP,Notebook,Windows 10,1,0,0,0,0,0,157.3505121487356,8,1.48,1,0,0,0,256,Intel,I5,2.6,Intel,HD Graphics
835,Asus,2 in 1 Convertible,Windows 10,1,0,1,0,0,0,165.6321180513006,8,1.1,1,0,0,0,256,Intel,I5,2.5,Intel,HD Graphics
828,Dell,Notebook,Windows 10,0,0,0,0,0,0,111.93520355955211,4,1.76,0,1,0,0,500,Intel,I5,2.3,Intel,HD Graphics
1252,Apple,Ultrabook,Mac OS X,0,0,0,0,0,0,135.0942111925629,4,1.08,0,0,1,0,256,Intel,I5,1.6,Intel,HD Graphics
386,HP,Gaming,Windows 10,1,1,0,0,0,0,127.33567457123111,8,3.35,1,1,0,0,1152,Intel,I7,2.8,Nvidia,GeForce
327,Asus,Notebook,Windows 10,1,0,0,0,0,0,157.3505121487356,8,2.0,1,0,0,0,256,Intel,I7,2.7,Intel,HD Graphics
1200,Dell,Notebook,Linux,1,0,0,0,0,0,141.21199808219862,8,1.98,1,0,0,0,256,Intel,I7,2.7,Nvidia,GeForce
768,Acer,Notebook,Windows 10,0,0,0,0,0,0,100.45466986113651,4,2.1,1,0,0,0,256,Intel,I5,2.5,Intel,HD Graphics
964,HP,Workstation,Windows 10,1,1,0,0,0,0,141.21199808219862,8,2.0,1,0,0,0,8,Intel,I7,2.7,Nvidia,Quadro
694,HP,Notebook,Windows 10,0,0,0,0,0,0,100.45466986113651,4,1.86,0,1,0,0,500,Intel,I5,2.5,AMD,Radeon
985,Dell,Ultrabook,Windows 10,0,0,1,0,0,0,209.8006828649808,8,1.5,1,0,0,0,256,Intel,I7,2.6,Intel,HD Graphics
915,Lenovo,Ultrabook,Windows 10,1,1,0,0,0,0,157.3505121487356,8,1.13,0,0,1,0,256,Intel,I7,2.7,Intel,HD Graphics
462,Dell,2 in 1 Convertible,Windows 10,0,0,1,0,0,0,135.0942111925629,4,1.47,0,1,0,0,500,Intel,PENTIUM,1.6,Intel,HD Graphics
620,Dell,Notebook,Linux,0,0,0,0,0,0,100.45466986113651,4,2.25,0,1,0,0,1024,Intel,I3,2.0,Intel,HD Graphics
932,Dell,Gaming,Windows 10,1,0,0,0,0,0,141.21199808219862,16,2.6,1,1,0,0,1152,Intel,I7,2.8,Nvidia,GeForce
128,HP,Notebook,No OS,0,0,0,0,0,0,100.45466986113651,4,1.86,0,1,0,0,500,Intel,CELERON,1.6,Intel,HD Graphics
184,Dell,Notebook,Linux,1,0,0,0,0,0,141.21199808219862,16,2.02,1,1,0,0,2304,Intel,I7,1.8,AMD,Radeon
1146,Lenovo,2 in 1 Convertible,Windows 7,1,1,1,0,0,0,157.3505121487356,8,1.8,1,0,0,0,512,Intel,I7,2.6,Nvidia,Quadro
458,Dell,Workstation,Windows 10,1,1,0,0,0,0,141.21199808219862,16,2.17,1,0,0,0,256,Intel,I7,2.7,Nvidia,Quadro
731,Dell,Gaming,Windows 10,0,0,0,1,0,0,254.67134914246222,32,4.36,1,1,0,0,2048,Intel,I7,2.8,Nvidia,GeForce
241,Acer,Notebook,Linux,0,0,0,0,0,0,100.45466986113651,4,2.1,0,1,0,0,1024,Intel,I3,2.0,Intel,HD Graphics
465,Microsoft,Ultrabook,Windows 10 S,0,0,1,0,0,0,200.84255993695703,8,1.25,1,0,0,0,256,Intel,I7,2.5,Intel,Iris
739,Dell,Notebook,Windows 10,0,0,0,0,0,0,100.45466986113651,12,2.25,0,1,0,0,1024,Intel,I5,2.5,Intel,HD Graphics
1060,HP,Notebook,Windows 7,1,0,0,0,0,0,157.3505121487356,8,1.43,1,0,0,0,256,Intel,I5,2.3,Intel,HD Graphics
235,Asus,Notebook,Windows 10,0,0,0,0,0,0,100.45466986113651,4,2.37,0,1,0,0,1024,Intel,I3,2.4,Intel,HD Graphics
1280,Dell,Notebook,Windows 10,0,0,0,0,0,0,100.45466986113651,6,2.3,0,1,0,0,1024,Intel,I3,2.4,Intel,HD Graphics
525,HP,Notebook,Windows 10,1,0,0,0,0,0,141.21199808219862,8,2.04,1,0,0,0,256,Intel,I5,2.5,Nvidia,GeForce
970,Dell,2 in 1 Convertible,Windows 10,1,0,1,0,0,0,165.6321180513006,8,1.24,1,0,0,0,256,Intel,I5,1.2,Intel,HD Graphics
505,Lenovo,Notebook,Windows 10,1,1,0,0,0,0,165.6321180513006,8,1.4,1,0,0,0,256,Intel,I3,2.4,Intel,HD Graphics
464,Microsoft,Ultrabook,Windows 10 S,0,0,1,0,0,0,200.84255993695703,4,1.252,1,0,0,0,128,Intel,M3,2.2,Intel,HD Graphics
935,HP,Ultrabook,Windows 10,1,0,0,0,0,0,141.21199808219862,8,1.84,1,0,0,0,256,Intel,I7,2.5,AMD,Radeon
677,Acer,Notebook,Linux,0,0,0,0,0,0,100.45466986113651,4,2.1,1,0,0,0,128,Intel,I3,2.0,Intel,HD Graphics
21,Asus,Netbook,Windows 10,0,0,0,0,0,0,135.0942111925629,2,0.98,0,0,1,0,32,Intel,ATOM,1.44,Intel,HD Graphics
142,HP,Notebook,Windows 10,1,1,0,0,0,0,165.6321180513006,4,1.32,1,0,0,0,256,Intel,I5,2.5,Intel,HD Graphics
377,Acer,Notebook,Windows 10,0,0,0,0,0,0,100.45466986113651,4,2.1,1,0,0,0,128,AMD,Other,3.0,AMD,Radeon
116,HP,Notebook,Windows 10,0,1,0,0,0,0,111.93520355955211,4,1.63,0,1,0,0,500,Intel,I5,1.6,Intel,HD Graphics
736,Dell,Notebook,Linux,0,0,0,0,0,0,100.45466986113651,8,2.32,0,1,0,0,1024,Intel,I5,2.5,AMD,Radeon
1103,HP,Notebook,Chrome OS,0,0,0,0,0,1,276.053530085501,4,1.29,0,0,1,0,32,Intel,PENTIUM,1.5,Intel,HD Graphics
684,Asus,Ultrabook,Windows 10,1,0,0,0,0,0,157.3505121487356,8,1.1,1,0,0,0,256,Intel,I5,2.5,Intel,HD Graphics
279,Toshiba,Notebook,Windows 10,0,0,0,0,0,0,100.45466986113651,8,2.2,0,1,0,0,500,Intel,I7,2.5,Nvidia,GeForce
1136,HP,Notebook,Windows 10,1,0,0,0,0,0,165.6321180513006,8,1.16,1,0,0,0,256,Intel,I5,2.3,Intel,HD Graphics
64,Asus,Notebook,Windows 10,1,0,0,0,0,0,157.3505121487356,8,1.4,1,0,0,0,256,Intel,I5,1.6,Intel,HD Graphics
528,HP,Ultrabook,Windows 10,1,1,0,0,0,0,165.6321180513006,8,1.32,1,0,0,0,256,Intel,I7,2.7,Intel,HD Graphics
738,Acer,Gaming,Windows 10,1,1,0,0,0,0,127.33567457123111,16,4.2,1,1,0,0,1152,Intel,I7,2.6,Nvidia,GeForce
261,HP,Notebook,Windows 10,0,0,0,0,0,0,100.45466986113651,8,1.91,1,0,0,0,128,AMD,Other,2.5,AMD,Radeon
1297,Lenovo,Notebook,Windows 10,1,1,0,0,0,0,141.21199808219862,8,2.6,0,1,0,0,1024,Intel,I7,2.6,Nvidia,GeForce
1188,HP,Notebook,Windows 10,1,0,0,0,0,0,141.21199808219862,8,1.96,1,0,0,0,256,Intel,I7,2.5,Intel,HD Graphics
718,Lenovo,Gaming,Windows 10,1,1,0,0,0,0,141.21199808219862,8,2.5,1,1,0,0,1152,Intel,I7,2.8,Nvidia,GeForce
432,Dell,Gaming,Windows 10,1,1,0,0,0,0,141.21199808219862,8,2.62,1,1,0,0,1152,Intel,I7,2.8,Nvidia,GeForce
213,Lenovo,Notebook,Windows 10,0,0,0,0,0,0,100.45466986113651,8,2.2,1,0,0,0,256,Intel,I5,2.5,Intel,HD Graphics
773,Dell,Notebook,Windows 10,0,0,0,0,0,0,117.82653006268643,4,1.65,0,1,0,0,500,Intel,I3,2.0,Intel,HD Graphics
1165,Dell,Notebook,Windows 10,1,0,0,0,0,0,141.21199808219862,8,2.18,1,0,0,0,256,Intel,I7,2.7,Nvidia,GeForce
775,Asus,Notebook,Windows 10,0,0,0,0,0,0,90.58340172449303,4,2.8,0,1,0,0,1024,Intel,PENTIUM,1.1,Nvidia,GeForce
59,MSI,Gaming,Windows 10,1,0,0,0,0,0,127.33567457123111,16,2.43,1,1,0,0,2304,Intel,I7,2.8,Nvidia,GeForce
712,Lenovo,Notebook,No OS,0,0,0,0,0,0,100.45466986113651,4,1.9,0,1,0,0,500,Intel,I3,2.0,Intel,HD Graphics
791,Toshiba,Ultrabook,Windows 10,1,1,0,0,0,0,157.3505121487356,16,1.47,1,0,0,0,512,Intel,I7,2.6,Nvidia,GeForce
571,Asus,Notebook,Windows 10,1,0,0,0,0,0,141.21199808219862,8,2.5,1,1,0,0,1152,Intel,I5,2.5,Nvidia,GeForce
1277,MSI,Gaming,Windows 10,1,0,0,0,0,0,141.21199808219862,8,2.4,1,1,0,0,1152,Intel,I7,2.6,Nvidia,GeForce
947,Lenovo,2 in 1 Convertible,Windows 10,0,1,1,0,0,1,276.053530085501,16,1.3,1,0,0,0,1024,Intel,I7,2.2,Intel,Iris
1044,HP,Notebook,Windows 10,0,0,0,0,0,0,111.93520355955211,4,1.64,1,0,0,0,256,Intel,I5,2.5,Intel,HD Graphics
697,Lenovo,Notebook,Windows 10,0,0,0,0,0,0,100.45466986113651,4,2.1,0,1,0,0,500,Intel,CELERON,1.6,Intel,HD Graphics
591,Dell,Netbook,Chrome OS,0,0,0,0,0,0,135.0942111925629,4,1.26,0,0,1,0,16,Intel,CELERON,1.6,Intel,HD Graphics
343,HP,Notebook,Windows 10,1,0,0,0,0,0,141.21199808219862,8,1.84,1,0,0,0,256,Intel,I5,2.5,Intel,HD Graphics
473,Acer,Notebook,Windows 10,0,0,0,0,0,0,100.45466986113651,4,2.2,0,1,0,0,500,Intel,I3,2.0,Nvidia,GeForce
243,Asus,Gaming,Windows 10,1,0,0,0,0,0,127.33567457123111,32,4.7,1,1,0,0,1536,Intel,I7,2.9,Nvidia,GeForce
607,HP,Notebook,Windows 10,1,0,0,0,0,0,141.21199808219862,8,1.84,1,0,0,0,256,Intel,I7,2.7,Intel,HD Graphics
89,HP,Notebook,Windows 10,1,0,0,0,0,0,141.21199808219862,8,1.96,1,0,0,0,256,Intel,I5,2.5,Intel,HD Graphics
1226,Acer,Notebook,Windows 10,0,0,0,0,0,0,106.11306214269258,8,3.3,0,1,0,0,1024,Intel,I3,2.0,Nvidia,GeForce
621,Dell,Notebook,Linux,0,0,0,0,0,0,100.45466986113651,4,1.93,0,1,0,0,500,Intel,I5,2.6,Intel,HD Graphics
102,HP,Gaming,Windows 10,1,1,0,0,0,0,141.21199808219862,12,2.62,1,1,0,0,1152,Intel,I7,2.8,Nvidia,GeForce
1256,MSI,Gaming,Windows 10,1,0,0,0,0,0,141.21199808219862,8,2.3,1,1,0,0,1152,Intel,I7,2.6,Nvidia,GeForce
242,Asus,Notebook,Windows 10,1,0,0,0,0,0,141.21199808219862,4,2.2,1,1,0,0,1152,AMD,Other,2.5,AMD,Radeon
522,Asus,Netbook,Windows 10,0,0,0,0,0,0,135.0942111925629,2,1.1,0,0,1,0,32,Intel,CELERON,1.1,Intel,HD Graphics
584,Lenovo,Gaming,Windows 10,1,1,0,0,0,0,127.33567457123111,32,4.6,1,1,0,0,1280,Intel,I7,2.7,Nvidia,GeForce
1040,HP,Notebook,Windows 10,0,0,0,0,0,0,111.93520355955211,4,2.31,0,1,0,0,500,Intel,I5,2.5,Intel,HD Graphics
1012,Asus,Gaming,Windows 10,1,0,0,0,0,0,141.21199808219862,16,2.5,1,1,0,0,1280,Intel,I7,2.8,Nvidia,GeForce
336,MSI,Gaming,Windows 10,1,0,0,0,0,0,127.33567457123111,8,2.7,1,1,0,0,1280,Intel,I7,2.8,Nvidia,GeForce
552,HP,Notebook,Windows 10,1,0,0,0,0,0,141.21199808219862,4,2.1,1,0,0,0,128,Intel,I3,2.4,Intel,HD Graphics
854,HP,Ultrabook,Windows 7,1,0,0,0,0,0,157.3505121487356,8,1.54,1,0,0,0,512,Intel,I7,2.5,Intel,HD Graphics
518,Acer,Notebook,Windows 10,1,0,0,0,0,0,141.21199808219862,4,2.2,0,1,0,0,500,Intel,I7,2.7,Nvidia,GeForce
575,Lenovo,Notebook,Windows 10,1,0,0,0,0,0,141.21199808219862,4,2.2,0,1,0,0,500,Intel,PENTIUM,1.1,Intel,HD Graphics
185,Dell,Ultrabook,Windows 10,1,0,0,0,0,0,165.6321180513006,8,1.23,1,0,0,0,256,Intel,I5,1.6,Intel,HD Graphics
123,Acer,Notebook,Windows 10,1,1,1,0,0,0,141.21199808219862,6,2.1,0,1,0,0,1024,Intel,I3,2.4,Intel,HD Graphics
1043,HP,Notebook,Windows 10,1,0,0,0,0,0,127.33567457123111,8,2.63,1,0,0,0,256,Intel,I5,2.5,Nvidia,GeForce
761,Asus,Notebook,No OS,0,0,0,0,0,0,100.45466986113651,4,2.45,0,1,0,0,1024,Intel,I5,2.3,Nvidia,GeForce
633,Mediacom,Notebook,Windows 10,1,0,0,0,0,0,157.3505121487356,2,1.4,0,0,1,0,32,Intel,ATOM,1.44,Intel,HD Graphics
976,Acer,Notebook,Windows 10,1,0,0,0,0,0,141.21199808219862,12,2.4,1,1,0,0,1152,Intel,I5,2.5,Nvidia,GeForce
1261,Dell,2 in 1 Convertible,Windows 10,1,0,1,0,0,0,127.33567457123111,16,2.77,1,0,0,0,512,Intel,I7,2.7,Nvidia,GeForce
1279,Asus,Ultrabook,Windows 10,1,1,0,0,0,0,165.6321180513006,8,1.2,1,0,0,0,512,Intel,Other,0.9,Intel,HD Graphics
1054,Lenovo,2 in 1 Convertible,Windows 10,1,1,1,0,0,0,141.21199808219862,4,1.8,1,0,0,0,256,Intel,I7,2.5,Intel,HD Graphics
603,Lenovo,2 in 1 Convertible,Windows 10,1,1,1,0,0,0,165.6321180513006,8,1.37,1,0,0,0,512,Intel,I7,2.7,Intel,HD Graphics
1285,Dell,Notebook,Linux,0,0,0,0,0,0,100.45466986113651,8,2.3,0,1,0,0,1024,Intel,I7,2.7,AMD,Radeon
306,Asus,Gaming,Windows 10,1,0,0,0,0,0,127.33567457123111,16,2.9,1,1,0,0,1280,Intel,I7,2.8,Nvidia,GeForce
1030,HP,Notebook,Windows 10,0,0,0,0,0,0,100.45466986113651,4,2.04,1,0,0,0,256,Intel,I3,2.4,Intel,HD Graphics
538,Toshiba,Notebook,Windows 10,1,1,0,0,0,0,141.21199808219862,8,2.0,0,1,0,0,500,Intel,I5,2.5,Intel,HD Graphics
1061,MSI,Gaming,Windows 10,1,1,0,0,0,0,127.33567457123111,16,3.78,1,1,0,0,1280,Intel,I7,2.7,Nvidia,GeForce
674,Dell,Notebook,Windows 10,1,0,0,0,0,0,141.21199808219862,8,2.06,0,1,0,0,1024,Intel,I5,2.5,Intel,HD Graphics
855,Dell,Notebook,Windows 10,1,0,0,0,0,0,141.21199808219862,4,2.18,1,0,0,0,256,Intel,I7,2.7,AMD,Radeon
347,Lenovo,Notebook,Windows 10,1,0,0,0,0,0,141.21199808219862,12,2.2,0,1,0,0,2048,AMD,Other,3.6,AMD,Radeon
1271,Lenovo,Notebook,Windows 10,1,1,0,0,0,0,157.3505121487356,8,1.9,1,0,0,0,256,Intel,I5,2.3,Intel,HD Graphics
623,Dell,Notebook,Linux,1,0,0,0,0,0,141.21199808219862,4,2.18,1,0,0,0,128,Intel,I5,2.5,AMD,Radeon
1083,Dell,Gaming,Windows 10,0,0,0,1,0,0,282.42399616439724,16,3.21,1,1,0,0,1280,Intel,I7,2.6,Nvidia,GeForce
961,Lenovo,Notebook,No OS,1,0,0,0,0,0,141.21199808219862,8,2.2,0,1,0,0,1024,Intel,I7,2.7,Nvidia,GeForce
1290,Lenovo,Notebook,Windows 10,0,0,0,0,0,0,111.93520355955211,2,1.5,0,0,1,0,64,Intel,CELERON,1.6,Intel,HD Graphics
176,Lenovo,Notebook,No OS,0,0,0,0,0,0,100.45466986113651,4,2.2,0,1,0,0,500,AMD,Other,2.9,AMD,Radeon
434,Dell,Ultrabook,Linux,1,0,0,0,0,0,157.3505121487356,8,1.6,1,0,0,0,256,Intel,I7,2.8,Intel,HD Graphics
592,MSI,Gaming,Windows 10,1,0,0,0,0,0,127.33567457123111,16,4.5,1,1,0,0,1152,Intel,I7,2.7,Nvidia,GeForce
362,Lenovo,Notebook,No OS,0,0,0,0,0,0,100.45466986113651,4,2.2,0,1,0,0,1024,Intel,CELERON,1.1,Intel,HD Graphics
92,Asus,Gaming,Windows 10,1,0,0,0,0,0,141.21199808219862,8,2.45,0,1,0,0,1024,AMD,Other,3.0,AMD,Radeon
37,Acer,Notebook,Linux,0,0,0,0,0,0,100.45466986113651,4,2.1,0,1,0,0,1024,Intel,I3,2.7,Intel,HD Graphics
61,Dell,Notebook,Windows 10,1,0,0,0,0,0,127.33567457123111,16,2.8,1,1,0,0,2304,Intel,I7,1.8,AMD,Radeon
1074,HP,Notebook,Windows 10,1,0,0,0,0,0,141.21199808219862,8,2.04,1,0,0,0,256,Intel,I7,2.7,Intel,HD Graphics
1315,Asus,Notebook,Windows 10,0,0,0,0,0,0,100.45466986113651,4,2.2,0,1,0,0,500,Intel,I7,2.5,Nvidia,GeForce
951,MSI,Gaming,Windows 10,1,0,0,0,0,0,141.21199808219862,8,2.2,1,1,0,0,1152,Intel,I7,2.8,Nvidia,GeForce
670,Lenovo,Notebook,Windows 10,1,0,0,0,0,0,141.21199808219862,4,2.2,0,1,0,0,500,Intel,I5,2.3,Intel,HD Graphics
1002,Dell,Notebook,Windows 10,0,0,0,0,0,0,100.45466986113651,8,2.36,0,1,0,0,1024,Intel,I7,2.7,AMD,Radeon
657,Lenovo,Ultrabook,Windows 10,1,1,0,0,0,0,176.23257360658386,8,1.36,1,0,0,0,256,Intel,I7,2.7,Intel,HD Graphics
595,Lenovo,Notebook,Windows 10,0,0,1,0,0,0,100.45466986113651,12,2.2,0,1,0,0,1024,Intel,I7,1.8,Intel,HD Graphics
144,Lenovo,Notebook,Windows 10,1,1,0,0,0,0,157.3505121487356,8,1.75,1,0,0,0,256,Intel,I5,1.6,AMD,Radeon
972,Dell,Ultrabook,Windows 10,0,0,0,0,0,1,276.053530085501,8,1.3,1,0,0,0,256,Intel,I7,2.5,Intel,HD Graphics
995,Toshiba,Notebook,Windows 7,1,0,0,0,0,0,165.6321180513006,4,1.2,1,0,0,0,128,Intel,I5,2.3,Intel,HD Graphics
318,Acer,Notebook,Windows 10,1,0,0,0,0,0,141.21199808219862,8,2.23,1,0,0,0,256,AMD,Other,2.2,AMD,Radeon
1056,Toshiba,Notebook,Windows 10,1,1,0,0,0,0,141.21199808219862,16,2.4,1,0,0,0,256,Intel,I7,2.5,Nvidia,GeForce
840,Lenovo,Ultrabook,Windows 10,0,1,0,0,0,1,209.8006828649808,16,1.1,1,0,0,0,512,Intel,I7,2.6,Intel,HD Graphics
619,Dell,Notebook,Linux,0,0,0,0,0,0,100.45466986113651,4,2.18,0,1,0,0,1024,Intel,I3,2.0,Intel,HD Graphics
447,Lenovo,Notebook,Windows 10,0,0,0,0,0,0,106.11306214269258,8,2.8,0,1,0,0,1024,AMD,Other,2.5,AMD,Radeon
780,Samsung,2 in 1 Convertible,Windows 10,1,0,1,0,0,0,146.86047800548656,16,1.71,1,0,0,0,256,Intel,I7,2.7,AMD,Radeon
654,Acer,Ultrabook,Windows 10,1,1,0,0,0,0,157.3505121487356,8,1.8,1,0,0,0,256,Intel,I5,2.5,Intel,Other
838,Acer,Notebook,Windows 10,1,1,0,0,0,0,157.3505121487356,8,1.5,1,0,0,0,128,Intel,I3,2.4,Intel,HD Graphics
655,Razer,Gaming,Windows 10,1,0,0,0,0,0,157.3505121487356,16,1.95,1,0,0,0,256,Intel,I7,2.8,Nvidia,GeForce
384,Asus,Notebook,Windows 10,0,0,0,0,0,0,111.93520355955211,4,1.5,0,0,1,0,32,Intel,CELERON,1.1,Intel,HD Graphics
813,Dell,Netbook,Windows 10,0,0,0,0,0,0,135.0942111925629,4,1.63,1,0,0,0,128,Intel,PENTIUM,1.1,Intel,HD Graphics
1038,Dell,Notebook,Windows 10,1,0,0,0,0,0,141.21199808219862,8,2.09,0,1,0,0,500,Intel,I5,2.4,Intel,HD Graphics
1232,Asus,Gaming,Windows 10,1,0,0,0,0,0,127.33567457123111,16,2.9,1,1,0,0,1280,Intel,I7,2.8,Nvidia,GeForce
808,Dell,Notebook,Windows 10,1,0,0,0,0,0,141.21199808219862,8,2.0,1,0,0,0,256,Intel,I3,2.0,AMD,Radeon
509,Lenovo,2 in 1 Convertible,Windows 10,1,1,1,0,0,0,158.48253022174808,8,1.4,1,0,0,0,256,Intel,I5,1.6,Intel,HD Graphics
366,HP,Notebook,Windows 10,0,0,0,0,0,0,100.45466986113651,4,1.86,0,1,0,0,500,Intel,I3,2.0,Intel,HD Graphics
267,HP,Notebook,Windows 10,1,1,0,0,0,0,141.21199808219862,4,2.1,0,1,0,0,500,Intel,I5,1.6,Intel,HD Graphics
1228,Apple,Ultrabook,Mac OS X,0,1,0,0,1,0,226.41554716935852,8,0.92,0,0,1,0,512,Intel,Other,1.2,Intel,HD Graphics
112,Lenovo,Notebook,Windows 10,1,1,0,0,0,0,157.3505121487356,8,1.58,1,0,0,0,256,Intel,I7,2.7,Intel,HD Graphics
354,Asus,2 in 1 Convertible,Windows 10,0,0,1,0,0,0,135.0942111925629,4,1.5,0,0,1,0,32,Intel,CELERON,1.1,Intel,HD Graphics
792,Lenovo,Notebook,No OS,0,0,0,0,0,0,100.45466986113651,8,2.2,0,1,0,0,1024,Intel,CELERON,1.6,Intel,HD Graphics
2,Apple,Ultrabook,macOS,0,0,0,0,0,0,127.67794013309688,8,1.34,0,0,1,0,128,Intel,I5,1.8,Intel,HD Graphics
616,Acer,Notebook,Windows 10,0,0,0,0,0,0,111.93520355955211,4,1.6,0,0,1,0,128,Intel,PENTIUM,1.6,Intel,HD Graphics
1197,HP,Notebook,Windows 10,0,0,0,0,0,0,100.45466986113651,4,2.07,0,1,0,0,500,Intel,I3,2.3,Intel,HD Graphics
610,MSI,Gaming,Windows 10,1,0,0,0,0,0,127.33567457123111,16,4.14,1,1,0,0,1152,Intel,I7,2.7,Nvidia,GeForce
894,Lenovo,Notebook,Windows 10,1,1,0,0,0,0,141.21199808219862,8,2.2,0,1,0,0,1024,Intel,I7,2.5,Nvidia,GeForce
204,Dell,Gaming,Windows 10,0,1,0,1,0,0,282.42399616439724,16,2.65,1,1,0,0,1536,Intel,I7,2.8,Nvidia,GeForce
924,HP,Ultrabook,Windows 10,0,0,1,1,0,0,352.4651472131677,8,1.09,1,0,0,0,240,Intel,Other,1.2,Intel,HD Graphics
644,Dell,Ultrabook,Windows 10,0,0,1,0,0,1,276.053530085501,8,1.23,1,0,0,0,256,Intel,I5,1.6,Intel,HD Graphics
568,Lenovo,Notebook,Windows 10,1,0,0,0,0,0,141.21199808219862,4,2.05,1,0,0,0,128,Intel,I3,2.7,Intel,HD Graphics
1263,Asus,Gaming,Windows 10,1,1,0,0,0,0,141.21199808219862,16,2.5,1,1,0,0,1280,Intel,I7,2.8,Nvidia,GeForce
23,HP,Notebook,No OS,0,0,0,0,0,0,100.45466986113651,4,1.86,0,1,0,0,500,AMD,Other,1.5,AMD,Radeon
5,Apple,Ultrabook,macOS,0,1,0,0,1,0,226.98300468106115,8,1.37,1,0,0,0,256,Intel,I5,3.1,Intel,Iris
255,Dell,2 in 1 Convertible,Windows 10,1,1,1,0,0,0,141.21199808219862,8,2.08,0,1,0,0,1024,Intel,I7,1.8,Intel,HD Graphics
440,Lenovo,Workstation,Windows 10,0,1,0,1,0,0,282.42399616439724,16,2.3,1,0,0,0,512,Intel,I7,2.8,Nvidia,GeForce
166,Dell,Notebook,Windows 10,1,0,0,0,0,0,141.21199808219862,8,2.13,1,0,0,0,256,Intel,I5,1.6,AMD,Radeon
470,Lenovo,Notebook,No OS,1,1,0,0,0,0,157.3505121487356,8,1.5,1,0,0,0,512,Intel,I7,2.7,AMD,Radeon
236,HP,Notebook,Windows 10,0,0,0,0,0,0,100.45466986113651,4,2.1,0,1,0,0,500,AMD,Other,1.5,AMD,Radeon
431,Dell,Gaming,Windows 10,0,1,0,0,0,0,169.78089942830815,16,4.42,1,1,0,0,1280,Intel,I7,2.9,Nvidia,GeForce
387,Lenovo,Notebook,No OS,1,0,0,0,0,0,141.21199808219862,4,1.85,1,0,0,0,128,Intel,I3,2.0,Intel,HD Graphics
978,HP,Notebook,Windows 10,0,0,0,0,0,0,100.45466986113651,8,2.04,0,1,0,0,1024,Intel,I5,2.5,Nvidia,GeForce
136,Acer,Notebook,Windows 10,1,0,0,0,0,0,141.21199808219862,4,2.2,1,0,0,0,256,Intel,I3,2.7,Nvidia,GeForce
475,HP,Gaming,Windows 10,1,1,0,0,0,0,127.33567457123111,12,3.78,0,1,0,0,1024,Intel,I7,2.8,Nvidia,GeForce
270,Dell,2 in 1 Convertible,Windows 10,1,0,1,0,0,0,141.21199808219862,8,2.67,1,0,0,0,256,Intel,I5,1.6,Intel,HD Graphics
339,Lenovo,Notebook,Windows 10,1,0,0,0,0,0,141.21199808219862,4,1.85,0,1,0,0,1024,Intel,I3,2.0,Intel,HD Graphics
1114,Asus,Gaming,Windows 10,1,1,0,0,0,0,127.33567457123111,16,4.3,1,1,0,0,1152,Intel,I7,2.6,Nvidia,GeForce
493,Dell,Workstation,Windows 10,1,1,0,0,0,0,141.21199808219862,16,2.17,1,0,0,0,512,Intel,I7,2.7,Nvidia,Quadro
197,Lenovo,Notebook,No OS,0,0,0,0,0,0,106.11306214269258,8,2.8,1,0,0,0,256,Intel,I5,1.6,Nvidia,GeForce
427,Lenovo,2 in 1 Convertible,Windows 10,0,1,1,1,0,0,282.42399616439724,16,2.0,1,0,0,0,512,Intel,I7,2.8,Nvidia,GeForce
748,Dell,Notebook,Windows 10,1,0,0,0,0,0,141.21199808219862,8,2.0,1,1,0,0,1152,Intel,I7,2.7,Nvidia,GeForce
78,Lenovo,Notebook,No OS,1,0,0,0,0,0,141.21199808219862,8,2.2,0,1,0,0,2048,Intel,I5,2.5,Intel,HD Graphics
788,Asus,Notebook,Windows 10,0,0,0,0,0,0,141.21199808219862,8,2.0,1,0,0,0,128,Intel,PENTIUM,1.1,Intel,HD Graphics
376,Asus,2 in 1 Convertible,Windows 10,1,0,1,0,0,0,141.21199808219862,12,2.26,1,1,0,0,2560,Intel,I7,2.7,Nvidia,GeForce
984,Dell,2 in 1 Convertible,Windows 10,0,0,1,0,0,1,276.053530085501,16,1.22,1,0,0,0,512,Intel,I7,1.3,Intel,HD Graphics
1125,HP,Notebook,Windows 10,0,0,1,0,0,1,276.053530085501,8,1.16,1,0,0,0,256,Intel,Other,1.1,Intel,HD Graphics
749,Dell,Notebook,Windows 10,0,0,0,0,0,0,100.45466986113651,8,2.0,1,0,0,0,256,Intel,I3,2.0,Intel,HD Graphics
1147,Asus,Notebook,Windows 10,0,0,0,0,0,0,111.93520355955211,4,1.5,0,0,1,0,32,Intel,CELERON,1.1,Intel,HD Graphics
373,Lenovo,Gaming,No OS,1,1,0,0,0,0,141.21199808219862,8,2.4,1,1,0,0,1152,Intel,I5,2.5,Nvidia,GeForce
151,MSI,Gaming,Windows 10,1,0,0,0,0,0,127.33567457123111,16,2.9,1,1,0,0,1280,Intel,I7,2.8,Nvidia,GeForce
1129,Lenovo,2 in 1 Convertible,Android,0,1,1,0,0,0,224.17380907857276,4,0.69,0,0,1,0,64,Intel,ATOM,1.44,Intel,HD Graphics
488,Dell,Notebook,Windows 10,0,0,0,0,0,0,100.45466986113651,4,2.18,0,1,0,0,1024,Intel,I3,2.4,Intel,HD Graphics
1207,Acer,Gaming,Windows 10,1,1,0,0,0,0,127.33567457123111,16,4.2,1,1,0,0,1280,Intel,I7,2.8,Nvidia,GeForce
895,Dell,Notebook,Windows 10,0,0,0,0,0,0,100.45466986113651,4,2.2,0,1,0,0,500,Intel,PENTIUM,1.6,Intel,HD Graphics
228,HP,Notebook,Windows 10,1,0,0,0,0,0,141.21199808219862,8,2.1,0,1,0,0,1024,Intel,I5,1.6,Intel,HD Graphics
1130,Dell,Ultrabook,Windows 10,1,0,0,0,0,0,165.6321180513006,8,1.23,1,0,0,0,256,Intel,I7,2.4,Intel,Iris
1229,Asus,Notebook,Windows 10,1,0,0,0,0,0,141.21199808219862,16,2.2,1,1,0,0,1152,Intel,I7,2.8,Nvidia,GeForce
727,HP,Notebook,Windows 10,1,0,0,0,0,0,127.33567457123111,8,2.63,1,0,0,0,256,Intel,I7,2.7,Nvidia,GeForce
1048,HP,Notebook,Windows 10,1,0,0,0,0,0,141.21199808219862,8,1.84,1,0,0,0,256,Intel,I7,2.5,Intel,HD Graphics
647,Dell,Notebook,Windows 10,0,0,1,1,0,0,282.42399616439724,16,2.06,1,0,0,0,1024,Intel,I7,2.8,Nvidia,GeForce
148,Asus,Ultrabook,Windows 10,1,0,0,0,0,0,157.3505121487356,8,1.25,1,0,0,0,256,Intel,I7,1.8,Intel,HD Graphics
53,HP,Notebook,Windows 10,1,0,0,0,0,0,141.21199808219862,4,1.86,1,0,0,0,256,AMD,Other,2.5,AMD,Radeon
490,Chuwi,Notebook,Windows 10,1,0,0,0,0,0,141.21199808219862,4,1.89,0,0,1,0,64,Intel,ATOM,1.44,Intel,HD Graphics
1166,HP,Notebook,Windows 7,1,0,0,0,0,0,141.21199808219862,8,1.88,1,0,0,0,256,Intel,I5,2.3,Intel,HD Graphics
1035,Toshiba,Ultrabook,Windows 10,1,0,0,0,0,0,165.6321180513006,8,1.2,1,0,0,0,256,Intel,I5,2.3,Intel,HD Graphics
1072,Dell,2 in 1 Convertible,Windows 10,1,1,1,0,0,0,165.6321180513006,12,1.6,1,0,0,0,256,Intel,I7,2.7,Intel,HD Graphics
796,Lenovo,Gaming,Windows 10,1,1,0,0,0,0,141.21199808219862,4,2.4,0,1,0,0,1024,Intel,I7,2.8,Nvidia,GeForce
1234,Acer,Notebook,Windows 10,0,0,0,0,0,0,106.11306214269258,4,3.3,0,1,0,0,1024,Intel,I3,2.0,Nvidia,GeForce
1091,Lenovo,Notebook,Windows 10,1,1,0,0,0,0,141.21199808219862,4,2.3,0,1,0,0,1024,Intel,I5,2.3,Nvidia,GeForce
559,Dell,Gaming,Windows 10,1,1,0,0,0,0,127.33567457123111,16,4.42,1,1,0,0,1280,Intel,I7,2.8,Nvidia,GeForce
755,HP,Notebook,Windows 10,1,0,0,0,0,0,141.21199808219862,8,1.86,1,0,0,0,256,Intel,I3,2.0,Intel,HD Graphics
188,Xiaomi,Notebook,No OS,1,1,0,0,0,0,141.21199808219862,8,1.95,1,0,0,0,256,Intel,I5,1.6,Nvidia,GeForce
847,Lenovo,Notebook,Chrome OS,0,0,0,0,0,0,111.93520355955211,4,1.5,0,0,1,0,16,Intel,CELERON,1.6,Intel,HD Graphics
982,Dell,Gaming,Windows 10,1,1,0,0,0,0,127.33567457123111,32,4.42,1,1,0,0,1280,Intel,I7,2.8,Nvidia,GeForce
669,Lenovo,Notebook,Windows 10,0,0,0,0,0,0,100.45466986113651,4,2.2,0,1,0,0,500,Intel,CELERON,1.1,Intel,HD Graphics
899,Acer,Netbook,Chrome OS,0,1,0,0,0,0,135.0942111925629,4,1.25,0,0,1,0,32,Intel,CELERON,1.6,Intel,HD Graphics
710,Lenovo,Notebook,Windows 10,0,0,0,0,0,0,100.45466986113651,8,2.2,0,1,0,0,1024,AMD,Other,3.6,AMD,Radeon
946,HP,Notebook,No OS,0,0,0,0,0,0,100.45466986113651,4,1.86,0,1,0,0,1024,Intel,CELERON,1.6,Intel,HD Graphics
1138,Dell,Notebook,Linux,0,0,0,0,0,0,100.45466986113651,4,2.09,0,1,0,0,500,Intel,I5,2.3,Intel,HD Graphics
650,Lenovo,Ultrabook,Windows 10,1,1,0,0,0,0,157.3505121487356,16,1.14,1,0,0,0,512,Intel,I7,2.7,Intel,HD Graphics
7,Apple,Ultrabook,Mac OS X,0,1,0,0,1,0,220.53462386625827,16,2.04,0,0,1,0,256,Intel,I7,2.2,Intel,Iris
403,Lenovo,Notebook,Windows 10,1,1,0,0,0,0,141.21199808219862,8,2.1,1,0,0,0,256,Intel,I7,1.8,AMD,Radeon
27,Apple,Ultrabook,Mac OS X,0,0,0,0,0,0,127.67794013309688,8,1.35,0,0,1,0,128,Intel,I5,1.6,Intel,HD Graphics
1286,HP,Netbook,Windows 10,0,0,0,0,0,0,135.0942111925629,2,1.17,0,0,1,0,32,Intel,CELERON,1.6,Intel,HD Graphics
266,Lenovo,Notebook,No OS,1,0,0,0,0,0,141.21199808219862,4,2.2,1,0,0,0,256,Intel,I3,2.0,Intel,HD Graphics
1198,Lenovo,2 in 1 Convertible,Windows 10,0,1,1,0,0,0,209.8006828649808,8,1.36,1,0,0,0,256,Intel,I5,2.3,Intel,HD Graphics
246,Asus,Notebook,Windows 10,1,0,0,0,0,0,127.33567457123111,8,2.1,1,1,0,0,1152,Intel,I7,1.8,Nvidia,GeForce
1311,Lenovo,Notebook,Windows 10,1,1,0,0,0,0,141.21199808219862,8,2.6,0,1,0,0,1024,Intel,I7,2.6,Nvidia,GeForce
579,HP,Notebook,Windows 10,1,1,0,0,0,0,141.21199808219862,6,1.95,1,0,0,0,256,AMD,Other,3.0,AMD,Radeon
503,Lenovo,Notebook,Windows 10,1,0,0,0,0,0,141.21199808219862,8,2.17,1,0,0,0,256,Intel,I7,1.8,Intel,HD Graphics
766,HP,Workstation,Windows 7,1,0,0,0,0,0,141.21199808219862,8,2.59,1,0,0,0,256,Intel,I7,2.6,Nvidia,Quadro
879,Acer,Notebook,Windows 10,1,1,0,0,0,0,157.3505121487356,8,1.56,1,0,0,0,256,Intel,I5,2.5,Intel,HD Graphics
370,Lenovo,Notebook,No OS,0,0,0,0,0,0,100.45466986113651,8,2.2,1,0,0,0,256,Intel,I3,2.0,Nvidia,GeForce
586,Dell,Notebook,Linux,1,0,0,0,0,0,141.21199808219862,8,2.2,1,0,0,0,256,Intel,I7,2.7,AMD,Radeon
99,Dell,Notebook,Linux,1,0,0,0,0,0,141.21199808219862,4,2.2,1,0,0,0,256,Intel,I3,2.0,AMD,Radeon
171,Dell,Gaming,Windows 10,1,0,0,0,0,0,141.21199808219862,8,2.56,1,1,0,0,1152,Intel,I7,2.8,Nvidia,GeForce
40,HP,Notebook,Windows 10,1,0,0,0,0,0,141.21199808219862,8,2.1,1,0,0,0,256,Intel,I5,1.6,Nvidia,GeForce
992,HP,Notebook,Windows 10,0,0,0,0,0,0,100.45466986113651,6,2.04,0,1,0,0,1024,Intel,I7,2.7,Intel,HD Graphics
1081,Asus,Gaming,Windows 10,1,1,0,0,0,0,127.33567457123111,64,3.58,1,0,0,0,1024,Intel,I7,2.7,Nvidia,GeForce
890,HP,Notebook,Windows 10,1,0,0,0,0,0,141.21199808219862,4,2.04,1,0,0,0,256,Intel,I5,2.5,Intel,HD Graphics
278,Lenovo,2 in 1 Convertible,Windows 10,0,0,1,0,0,0,209.8006828649808,16,1.36,1,0,0,0,512,Intel,I7,2.6,Intel,HD Graphics
57,HP,Notebook,Windows 10,1,0,0,0,0,0,141.21199808219862,4,1.91,1,0,0,0,128,Intel,I3,2.0,Intel,HD Graphics
778,Acer,Notebook,Linux,0,0,0,0,0,0,100.45466986113651,4,2.1,0,1,0,0,1024,Intel,PENTIUM,1.1,Intel,HD Graphics
848,Asus,Notebook,Windows 10,1,0,0,0,0,0,141.21199808219862,8,2.3,0,1,0,0,128,Intel,I5,2.5,Intel,HD Graphics
1320,Asus,Notebook,Windows 10,0,0,0,0,0,0,100.45466986113651,4,2.2,0,1,0,0,500,Intel,CELERON,1.6,Intel,HD Graphics
449,Lenovo,Ultrabook,Windows 10,1,1,0,0,0,0,176.23257360658386,8,1.36,1,0,0,0,256,Intel,I5,2.5,Intel,HD Graphics
537,Dell,Gaming,Windows 10,1,1,0,0,0,0,127.33567457123111,16,4.42,1,1,0,0,1152,Intel,I7,2.8,Nvidia,GeForce
983,Lenovo,Notebook,Windows 10,1,0,0,0,0,0,141.21199808219862,6,2.4,1,0,0,0,256,Intel,I5,2.5,Nvidia,GeForce
229,Dell,Gaming,Windows 10,1,1,0,0,0,0,127.33567457123111,16,4.42,1,1,0,0,1280,Intel,I7,2.8,Nvidia,GeForce
411,MSI,Gaming,Windows 10,1,0,0,0,0,0,127.33567457123111,16,2.8,1,1,0,0,1280,Intel,I7,2.8,Nvidia,GeForce
216,Asus,Gaming,Windows 10,1,0,0,0,0,0,127.33567457123111,16,2.9,1,1,0,0,1280,Intel,I7,2.8,Nvidia,GeForce
1063,Asus,Netbook,Chrome OS,0,0,0,0,0,0,135.0942111925629,4,1.2,0,0,1,0,16,Intel,CELERON,1.6,Intel,HD Graphics
896,HP,2 in 1 Convertible,Windows 10,1,0,1,0,0,0,165.6321180513006,4,1.28,1,0,0,0,256,Intel,I5,2.5,Intel,HD Graphics
824,Lenovo,Ultrabook,Windows 10,1,0,0,0,0,0,157.3505121487356,8,1.32,1,0,0,0,256,Intel,I7,2.7,Intel,HD Graphics
1085,Dell,Notebook,Windows 10,0,0,0,0,0,0,100.45466986113651,4,2.06,0,1,0,0,500,Intel,I3,2.3,Intel,HD Graphics
6,Acer,Notebook,Windows 10,0,0,0,0,0,0,100.45466986113651,4,2.1,0,1,0,0,500,AMD,Other,3.0,AMD,Radeon
44,Acer,Notebook,Windows 10,1,1,0,0,0,0,141.21199808219862,4,2.2,1,0,0,0,256,Intel,I5,1.6,Intel,HD Graphics
1140,Lenovo,2 in 1 Convertible,Windows 10,1,1,1,0,0,0,157.3505121487356,8,1.8,1,0,0,0,256,Intel,I7,2.5,Intel,HD Graphics
1016,Dell,Notebook,Windows 10,0,0,0,0,0,0,100.45466986113651,4,2.18,1,0,0,0,128,Intel,I3,2.4,Intel,HD Graphics
513,Asus,Notebook,Windows 10,1,0,0,0,0,0,141.21199808219862,8,2.0,1,1,0,0,1280,Intel,I7,2.7,Intel,HD Graphics
884,Lenovo,Notebook,Windows 10,1,1,0,0,0,0,165.6321180513006,4,1.44,1,0,0,0,180,Intel,I3,2.4,Intel,HD Graphics
957,Toshiba,Notebook,Windows 10,0,0,0,0,0,0,100.45466986113651,8,2.2,1,0,0,0,256,Intel,I5,2.3,Intel,HD Graphics
253,HP,Notebook,Windows 10,1,1,0,0,0,0,165.6321180513006,4,1.49,0,1,0,0,500,Intel,I5,1.6,Intel,HD Graphics
1033,HP,Notebook,Windows 10,1,0,0,0,0,0,157.3505121487356,8,1.43,1,0,0,0,256,Intel,I7,2.5,Intel,HD Graphics
798,Dell,Gaming,Windows 10,1,0,0,0,0,0,141.21199808219862,8,2.62,1,0,0,0,256,Intel,I5,2.5,Nvidia,GeForce
557,Lenovo,Notebook,Windows 10,1,0,0,0,0,0,141.21199808219862,4,2.2,1,0,0,0,128,Intel,I3,2.0,Intel,HD Graphics
764,Lenovo,2 in 1 Convertible,Windows 10,0,1,1,0,0,1,276.053530085501,8,1.3,1,0,0,0,256,Intel,I5,1.8,Intel,HD Graphics
516,Lenovo,Gaming,No OS,1,1,0,0,0,0,141.21199808219862,8,2.4,1,1,0,0,1280,Intel,I7,2.8,Nvidia,GeForce
873,Toshiba,Notebook,Windows 10,1,0,0,0,0,0,165.6321180513006,4,1.05,1,0,0,0,128,Intel,I5,2.5,Intel,HD Graphics
12,HP,Notebook,No OS,1,0,0,0,0,0,141.21199808219862,4,1.86,0,1,0,0,500,Intel,I3,2.0,Intel,HD Graphics
629,Dell,Notebook,Windows 10,1,0,0,0,0,0,141.21199808219862,4,2.2,0,1,0,0,1024,Intel,I5,1.6,AMD,Radeon
711,Lenovo,Notebook,Windows 10,1,0,0,0,0,0,141.21199808219862,4,2.1,0,1,0,0,2048,Intel,I5,2.5,Intel,HD Graphics
96,Asus,Ultrabook,Windows 10,1,0,0,0,0,0,157.3505121487356,8,1.25,1,0,0,0,256,Intel,I7,2.7,Intel,HD Graphics
741,Acer,Notebook,Windows 10,0,0,0,0,0,0,100.45466986113651,4,2.4,0,1,0,0,500,Intel,I5,2.5,Intel,HD Graphics
833,Lenovo,Ultrabook,Windows 10,1,1,0,0,0,0,157.3505121487356,8,1.13,0,0,1,0,256,Intel,I5,2.5,Intel,HD Graphics
1180,HP,Gaming,Windows 10,1,1,0,0,0,0,141.21199808219862,8,2.62,0,1,0,0,1024,Intel,I7,2.8,Nvidia,GeForce
549,HP,Ultrabook,Windows 10,0,1,0,0,0,1,276.053530085501,8,1.34,1,0,0,0,256,Intel,I7,2.7,Intel,HD Graphics
115,Lenovo,2 in 1 Convertible,Windows 10,1,1,1,0,0,0,165.6321180513006,8,1.37,1,0,0,0,256,Intel,I5,2.5,Intel,HD Graphics
469,Asus,Notebook,Windows 10,1,0,0,0,0,0,141.21199808219862,8,2.37,0,1,0,0,1024,Intel,I5,2.5,Intel,HD Graphics
435,HP,Gaming,Windows 10,1,0,0,0,0,0,127.33567457123111,12,3.35,1,1,0,0,1280,Intel,I7,2.8,Nvidia,GeForce
221,Lenovo,Notebook,No OS,0,0,0,0,0,0,106.11306214269258,8,2.8,0,1,0,0,1024,Intel,I5,2.5,Nvidia,GeForce
156,MSI,Gaming,Windows 10,1,0,0,0,0,0,127.33567457123111,16,2.8,1,1,0,0,1280,Intel,I7,2.8,Nvidia,GeForce
1186,HP,Notebook,Windows 10,0,0,0,0,0,0,111.93520355955211,2,1.44,0,0,1,0,32,Intel,CELERON,1.6,Intel,HD Graphics
8,Apple,Ultrabook,macOS,0,0,0,0,0,0,127.67794013309688,8,1.34,0,0,1,0,256,Intel,I5,1.8,Intel,HD Graphics
728,Lenovo,Ultrabook,Windows 10,0,1,0,0,0,1,209.8006828649808,8,1.17,1,0,0,0,512,Intel,I7,2.5,Intel,HD Graphics
196,Xiaomi,Ultrabook,No OS,1,1,0,0,0,0,165.6321180513006,8,1.3,1,0,0,0,256,Intel,I5,2.5,Nvidia,GeForce
309,Asus,Gaming,Windows 10,1,0,0,0,0,0,141.21199808219862,8,2.5,1,1,0,0,1152,Intel,I7,2.8,Nvidia,GeForce
480,Dell,Ultrabook,Windows 10,1,0,1,0,0,0,165.6321180513006,8,1.42,1,0,0,0,256,Intel,I5,1.6,Intel,HD Graphics
960,Dell,Ultrabook,Windows 10,1,0,1,0,0,0,176.23257360658386,8,1.36,1,0,0,0,256,Intel,I5,2.5,Intel,HD Graphics
365,Dell,Notebook,Windows 10,1,0,0,0,0,0,157.3505121487356,8,1.36,1,0,0,0,256,Intel,I5,2.6,Intel,HD Graphics
10,Acer,Ultrabook,Windows 10,1,1,0,0,0,0,157.3505121487356,8,1.6,1,0,0,0,256,Intel,I5,1.6,Intel,HD Graphics
424,HP,Ultrabook,Windows 10,1,0,0,0,0,0,157.3505121487356,8,1.43,1,0,0,0,256,Intel,I7,2.5,Intel,HD Graphics
311,HP,2 in 1 Convertible,Windows 10,1,0,1,0,0,0,165.6321180513006,16,1.28,1,0,0,0,256,Intel,I7,2.8,Intel,HD Graphics
1108,Dell,Ultrabook,Windows 10,1,1,0,0,0,0,165.6321180513006,4,1.4,1,0,0,0,256,Intel,I5,1.6,AMD,Radeon
822,Dell,Notebook,Windows 10,1,0,0,0,0,0,141.21199808219862,8,1.98,0,1,0,0,1024,Intel,I7,2.7,Nvidia,GeForce
70,Lenovo,Notebook,Windows 10,1,0,0,0,0,0,141.21199808219862,4,1.9,0,1,0,0,1024,Intel,I5,2.5,Intel,HD Graphics
926,HP,Notebook,Windows 10,1,0,0,0,0,0,141.21199808219862,8,2.04,1,0,0,0,256,Intel,I7,2.7,Nvidia,GeForce
1015,HP,Notebook,Windows 10,1,1,0,0,0,0,165.6321180513006,8,1.34,1,0,0,0,256,Intel,I5,2.5,Intel,HD Graphics
714,Acer,2 in 1 Convertible,Windows 10,1,1,1,0,0,0,165.6321180513006,8,1.6,1,0,0,0,256,Intel,I5,1.6,Intel,HD Graphics
293,Lenovo,Gaming,Windows 10,1,1,0,0,0,0,141.21199808219862,16,2.5,1,1,0,0,1280,Intel,I7,2.8,Nvidia,GeForce
661,MSI,Gaming,Windows 10,1,0,0,0,0,0,141.21199808219862,8,2.2,1,1,0,0,1152,Intel,I7,2.8,Nvidia,GeForce
725,Lenovo,Notebook,Windows 10,0,0,0,0,0,0,100.45466986113651,4,2.19,0,1,0,0,500,AMD,Other,2.0,AMD,Radeon
1210,HP,Notebook,Windows 10,0,0,0,0,0,0,100.45466986113651,4,1.86,0,1,0,0,500,Intel,I5,2.5,Intel,HD Graphics
622,Asus,Gaming,Windows 10,1,0,0,0,0,0,127.33567457123111,8,3.0,1,1,0,0,1152,Intel,I7,2.8,Nvidia,GeForce
893,Asus,Notebook,Windows 10,0,0,0,0,0,0,111.1413368676404,4,1.65,0,0,1,0,32,Intel,CELERON,1.1,Intel,HD Graphics
372,Dell,Notebook,Windows 10,1,0,0,0,0,0,127.33567457123111,8,2.8,1,1,0,0,1152,Intel,I5,1.6,AMD,Radeon
870,Lenovo,Notebook,No OS,1,0,0,0,0,0,141.21199808219862,4,2.2,0,1,0,0,1024,Intel,I3,2.0,Intel,HD Graphics
358,MSI,Gaming,Windows 10,1,0,0,0,0,0,127.33567457123111,8,2.7,1,1,0,0,1152,Intel,I7,2.8,Nvidia,GeForce
237,Lenovo,Gaming,Windows 10,1,1,0,0,0,0,141.21199808219862,16,3.2,1,1,0,0,1280,Intel,I7,2.8,Nvidia,GeForce
378,Asus,Gaming,Windows 10,1,1,0,0,0,0,127.33567457123111,16,3.25,1,1,0,0,1280,AMD,Other,3.0,AMD,Radeon
508,HP,Notebook,Windows 10,0,0,0,0,0,0,100.45466986113651,8,1.91,1,0,0,0,256,Intel,I5,2.5,AMD,Radeon
902,HP,2 in 1 Convertible,Windows 10,0,0,1,0,0,1,276.053530085501,16,1.42,1,0,0,0,256,Intel,I7,2.7,Intel,HD Graphics
26,Dell,Notebook,Windows 10,0,0,0,0,0,0,100.45466986113651,4,2.3,0,1,0,0,1024,Intel,I3,2.0,Intel,HD Graphics
400,MSI,Gaming,Windows 10,1,0,0,0,0,0,127.33567457123111,8,2.7,1,0,0,0,256,Intel,I7,2.8,Nvidia,GeForce
625,MSI,Gaming,Windows 10,1,0,0,0,0,0,141.21199808219862,16,2.94,1,1,0,0,1280,Intel,I7,2.8,Nvidia,GeForce
271,Asus,2 in 1 Convertible,Windows 10,1,0,1,0,0,0,165.6321180513006,8,1.1,1,0,0,0,1024,Intel,I7,1.8,Intel,HD Graphics
63,Lenovo,Notebook,No OS,1,1,0,0,0,0,157.3505121487356,8,1.7,1,0,0,0,256,Intel,I3,2.7,Intel,HD Graphics
489,HP,Notebook,Windows 10,1,1,0,0,0,0,165.6321180513006,4,1.49,1,0,0,0,128,Intel,I5,1.6,Intel,HD Graphics
1024,Dell,Gaming,Windows 10,1,0,0,0,0,0,141.21199808219862,8,2.65,0,0,0,1,1024,Intel,I5,2.5,Nvidia,GeForce
856,HP,2 in 1 Convertible,Chrome OS,0,0,1,0,0,0,135.0942111925629,4,1.4,0,0,1,0,32,Intel,CELERON,1.1,Intel,HD Graphics
883,Toshiba,Notebook,Windows 10,1,1,0,0,0,0,141.21199808219862,8,2.0,1,0,0,0,256,Intel,I7,2.7,Intel,HD Graphics
346,Dell,Notebook,Linux,0,0,0,0,0,0,100.45466986113651,4,2.2,0,1,0,0,500,Intel,CELERON,1.6,Intel,HD Graphics
504,HP,Notebook,Windows 10,1,0,0,0,0,0,157.3505121487356,8,1.48,1,0,0,0,1024,Intel,I7,2.8,Intel,HD Graphics
114,Dell,Ultrabook,Windows 10,0,0,1,0,0,1,276.053530085501,8,1.23,1,0,0,0,256,Intel,I7,2.4,Intel,Iris
342,Dell,Ultrabook,Windows 10,1,1,0,0,0,0,141.21199808219862,8,1.9,1,1,0,0,1152,Intel,I5,1.6,Nvidia,GeForce
615,Lenovo,2 in 1 Convertible,Windows 10,1,1,1,0,0,0,141.21199808219862,8,2.0,1,0,0,0,256,Intel,I7,2.8,Intel,HD Graphics
1134,Asus,Gaming,Windows 10,1,0,0,0,0,0,127.33567457123111,8,3.52,1,1,0,0,1152,Intel,I7,2.6,Nvidia,GeForce
956,Acer,Notebook,Windows 10,0,0,0,0,0,0,100.45466986113651,4,2.23,0,1,0,0,500,Intel,I5,2.5,Intel,HD Graphics
703,Acer,Netbook,Windows 10,0,0,0,0,0,0,135.0942111925629,4,1.4,0,0,1,0,32,Intel,CELERON,1.6,Intel,HD Graphics
724,Dell,Notebook,Windows 10,1,0,0,0,0,0,141.21199808219862,8,1.9,1,0,0,0,256,Intel,I5,2.6,Intel,HD Graphics
1214,Lenovo,Notebook,No OS,0,0,0,0,0,0,100.45466986113651,4,1.9,0,1,0,0,1024,Intel,I3,2.0,AMD,Radeon
212,Dell,Ultrabook,Windows 10,1,0,0,0,0,0,165.6321180513006,8,1.2,1,0,0,0,256,Intel,I7,1.8,Intel,HD Graphics
459,HP,Workstation,Windows 10,1,1,0,0,0,0,141.21199808219862,8,2.31,1,0,0,0,512,Intel,I7,2.9,Intel,HD Graphics
699,Lenovo,Notebook,Windows 10,1,0,0,0,0,0,157.3505121487356,4,1.7,1,0,0,0,256,Intel,I5,2.5,Intel,HD Graphics
1191,Lenovo,Notebook,No OS,0,0,0,0,0,0,100.45466986113651,4,2.1,0,1,0,0,500,Intel,I5,2.3,Intel,HD Graphics
17,Dell,Notebook,Windows 10,1,0,0,0,0,0,141.21199808219862,8,2.2,1,0,0,0,256,Intel,I7,2.7,AMD,Radeon
867,Asus,Notebook,Windows 10,0,0,0,0,0,0,100.45466986113651,4,2.0,0,1,0,0,1024,Intel,PENTIUM,1.1,Intel,HD Graphics
1227,Asus,Gaming,Windows 10,1,0,0,0,0,0,141.21199808219862,16,2.2,1,1,0,0,1280,Intel,I7,2.8,Nvidia,GeForce
20,Dell,Ultrabook,Windows 10,1,1,1,0,0,0,165.6321180513006,8,1.22,1,0,0,0,128,Intel,I5,1.6,Intel,HD Graphics
1179,MSI,Gaming,Windows 10,1,0,0,0,0,0,157.3505121487356,16,1.7,1,1,0,0,1280,Intel,I7,2.6,Nvidia,GeForce
520,Dell,Notebook,Windows 10,1,0,0,0,0,0,141.21199808219862,16,2.2,1,1,0,0,2304,Intel,I7,1.8,AMD,Radeon
887,Asus,Notebook,Linux,0,0,0,0,0,0,100.45466986113651,4,2.0,0,1,0,0,1024,Intel,PENTIUM,1.1,Intel,HD Graphics
637,Asus,Ultrabook,Windows 10,1,0,0,0,0,0,157.3505121487356,16,1.1,1,0,0,0,512,Intel,I7,2.7,Intel,HD Graphics
1090,Lenovo,Notebook,Windows 10,0,0,0,0,0,0,106.11306214269258,8,3.0,0,1,0,0,1024,Intel,I5,2.3,AMD,Radeon
169,MSI,Gaming,Windows 10,1,1,0,0,0,0,141.21199808219862,16,2.4,1,1,0,0,1280,Intel,I7,2.8,Nvidia,GeForce
1196,MSI,Gaming,Windows 10,1,0,0,0,0,0,141.21199808219862,16,1.91,1,1,0,0,1152,Intel,I7,2.6,Nvidia,GeForce
452,Dell,Notebook,Windows 10,1,0,0,0,0,0,157.3505121487356,8,1.64,1,0,0,0,256,Intel,I5,2.8,Nvidia,GeForce
394,Dell,Workstation,Windows 10,1,1,0,0,0,0,141.21199808219862,8,2.0,1,0,0,0,256,Intel,I7,2.7,Nvidia,Quadro
762,Lenovo,Ultrabook,Windows 10,1,0,0,0,0,0,157.3505121487356,4,1.7,1,0,0,0,180,Intel,I5,2.3,Intel,HD Graphics
719,Dell,Notebook,Linux,1,0,0,0,0,0,157.3505121487356,8,1.64,1,0,0,0,256,Intel,I5,2.8,Nvidia,GeForce
889,Dell,Notebook,Windows 10,1,0,0,0,0,0,141.21199808219862,4,2.18,1,1,0,0,1152,Intel,I5,2.5,Nvidia,GeForce
783,HP,Ultrabook,Windows 10,0,0,0,0,0,0,125.36742798669837,4,1.26,1,0,0,0,256,Intel,I5,2.3,Intel,HD Graphics
878,Lenovo,2 in 1 Convertible,Windows 10,1,1,1,0,0,0,165.6321180513006,8,1.37,1,0,0,0,256,Intel,I7,2.7,Intel,HD Graphics
1291,HP,Notebook,Windows 10,0,0,0,0,0,0,100.45466986113651,6,2.19,0,1,0,0,1024,Intel,I7,2.5,AMD,Radeon
1275,Dell,Notebook,Windows 10,0,0,0,0,0,0,100.45466986113651,4,2.29,0,1,0,0,500,Intel,I3,2.0,Intel,HD Graphics
564,Lenovo,Notebook,Windows 10,0,0,0,0,0,0,106.11306214269258,6,2.8,1,1,0,0,1152,Intel,I7,2.7,Nvidia,GeForce
297,HP,Notebook,Windows 10,0,0,0,0,0,0,106.11306214269258,8,2.54,0,1,0,0,1024,Intel,I3,2.0,Intel,HD Graphics
69,HP,Notebook,Windows 10,0,0,0,0,0,0,111.93520355955211,4,1.44,1,0,0,0,32,Intel,CELERON,1.6,Intel,HD Graphics
1116,Dell,Ultrabook,Windows 7,0,0,0,0,0,0,125.36742798669837,4,1.5,1,0,0,0,128,Intel,I3,2.3,Intel,HD Graphics
1313,Dell,Notebook,Linux,0,0,0,0,0,0,100.45466986113651,8,2.3,0,1,0,0,1024,Intel,I7,2.7,AMD,Radeon
732,MSI,Gaming,Windows 10,1,0,0,0,0,0,127.33567457123111,8,2.7,1,1,0,0,1152,Intel,I7,2.8,Nvidia,GeForce
201,HP,Notebook,Windows 10,1,0,0,0,0,0,165.6321180513006,8,1.49,1,0,0,0,512,Intel,I5,1.6,Intel,HD Graphics
860,HP,Notebook,No OS,0,0,0,0,0,0,100.45466986113651,4,1.86,1,0,0,0,128,Intel,CELERON,1.6,Intel,HD Graphics
666,Lenovo,Gaming,Windows 10,1,1,0,0,0,0,141.21199808219862,8,3.31,1,1,0,0,1152,Intel,I7,2.6,Nvidia,GeForce
891,HP,2 in 1 Convertible,Windows 10,1,0,1,0,0,0,165.6321180513006,4,1.28,1,0,0,0,256,Intel,I5,2.5,Intel,HD Graphics
345,Dell,Notebook,Windows 10,1,0,0,0,0,0,141.21199808219862,8,2.0,1,0,0,0,256,Intel,I5,1.6,Nvidia,GeForce
1062,Lenovo,Gaming,Windows 10,1,1,0,0,0,0,127.33567457123111,16,4.6,1,1,0,0,1152,Intel,I7,2.6,Nvidia,GeForce
871,Lenovo,Notebook,Windows 10,1,1,0,0,0,0,141.21199808219862,8,2.3,0,1,0,0,1024,Intel,I5,2.5,Intel,HD Graphics
222,HP,Notebook,Windows 10,1,0,0,0,0,0,157.3505121487356,8,1.63,1,0,0,0,256,Intel,I7,1.8,Nvidia,GeForce
74,Dell,Notebook,Windows 10,1,0,0,0,0,0,141.21199808219862,8,2.2,1,0,0,0,256,Intel,I7,1.8,AMD,Radeon
1034,Dell,2 in 1 Convertible,Windows 10,1,1,1,0,0,0,141.21199808219862,4,2.08,0,1,0,0,1024,Intel,I3,2.3,Intel,HD Graphics
754,Samsung,Ultrabook,Windows 10,1,0,0,0,0,0,165.6321180513006,16,0.81,1,0,0,0,256,Intel,I7,2.7,Intel,HD Graphics
1316,Lenovo,2 in 1 Convertible,Windows 10,1,1,1,0,0,0,157.3505121487356,4,1.8,1,0,0,0,128,Intel,I7,2.5,Intel,HD Graphics
1145,HP,Notebook,Windows 10,0,0,0,0,0,0,100.45466986113651,8,2.04,0,1,0,0,2048,Intel,I7,2.7,Intel,HD Graphics
195,Vero,Notebook,Windows 10,1,1,0,0,0,0,157.3505121487356,4,1.3,0,0,1,0,32,Intel,CELERON,1.1,Intel,HD Graphics
446,Asus,Notebook,Linux,1,0,0,0,0,0,141.21199808219862,4,2.0,1,0,0,0,256,Intel,I5,2.5,Intel,HD Graphics
1018,Toshiba,Notebook,Windows 10,1,0,0,0,0,0,165.6321180513006,4,1.2,1,0,0,0,128,Intel,I5,2.3,Intel,HD Graphics
1305,HP,Notebook,Windows 10,0,0,0,0,0,0,100.45466986113651,6,2.19,0,1,0,0,1024,Intel,I7,2.5,AMD,Radeon
42,Dell,Gaming,Windows 10,1,1,0,0,0,0,141.21199808219862,16,2.65,1,1,0,0,1280,Intel,I7,2.8,Nvidia,GeForce
688,MSI,Gaming,Windows 10,1,0,0,0,0,0,141.21199808219862,8,2.2,1,0,0,0,256,Intel,I5,2.5,Nvidia,GeForce
48,Asus,Gaming,Windows 10,1,0,0,0,0,0,127.33567457123111,8,3.2,1,1,0,0,1280,AMD,Other,3.0,AMD,Radeon
50,Asus,Notebook,Windows 10,0,0,0,0,0,0,90.58340172449303,4,2.8,0,1,0,0,1024,Intel,PENTIUM,1.1,Nvidia,GeForce
124,MSI,Gaming,Windows 10,1,0,0,0,0,0,141.21199808219862,16,1.8,1,1,0,0,2304,Intel,I7,2.8,Nvidia,GeForce
877,Toshiba,Ultrabook,Windows 10,0,0,0,0,0,0,117.82653006268643,8,1.2,1,0,0,0,256,Intel,I5,2.3,Intel,HD Graphics
667,Dell,Gaming,Windows 10,0,1,0,1,0,0,254.67134914246222,32,4.42,1,1,0,0,1536,Intel,I7,2.8,Nvidia,GeForce
291,Lenovo,Notebook,Windows 10,1,1,0,0,0,0,141.21199808219862,8,1.95,1,0,0,0,256,Intel,I7,2.7,Intel,HD Graphics
695,Dell,Notebook,Windows 10,0,0,0,0,0,0,100.45466986113651,4,2.2,0,1,0,0,1024,Intel,I3,2.0,AMD,Radeon
321,HP,2 in 1 Convertible,Windows 10,0,1,1,1,0,0,331.2642361026012,16,1.29,1,0,0,0,1024,Intel,I7,1.8,Intel,HD Graphics
75,MSI,Gaming,Windows 10,1,0,0,0,0,0,127.33567457123111,8,2.7,1,1,0,0,1152,Intel,I5,2.5,Nvidia,GeForce
1055,Vero,Notebook,Windows 10,0,0,0,0,0,0,111.93520355955211,2,1.45,0,0,1,0,32,Intel,ATOM,1.44,Intel,HD Graphics
199,HP,Notebook,Windows 10,1,1,0,0,0,0,127.33567457123111,8,2.5,0,1,0,0,1024,Intel,I5,1.6,Nvidia,GeForce
1115,Dell,Ultrabook,Windows 7,0,0,0,0,0,0,125.36742798669837,4,1.5,0,1,0,0,500,Intel,I3,2.3,Intel,HD Graphics
30,HP,Notebook,Windows 10,1,0,0,0,0,0,127.33567457123111,8,2.5,0,1,0,0,1024,Intel,I5,1.6,Nvidia,GeForce
66,HP,Notebook,Windows 10,1,0,0,0,0,0,141.21199808219862,8,1.86,1,0,0,0,256,Intel,I5,2.5,Intel,HD Graphics
760,HP,Notebook,Windows 10,1,0,0,0,0,0,141.21199808219862,8,1.84,1,0,0,0,256,Intel,I5,2.4,Intel,HD Graphics
1088,HP,Notebook,Windows 10,1,0,0,0,0,0,165.6321180513006,8,1.49,1,0,0,0,256,Intel,I7,2.7,Intel,HD Graphics
967,Asus,2 in 1 Convertible,Chrome OS,1,0,0,0,0,0,176.23257360658386,8,1.2,0,0,1,0,64,Intel,Other,1.2,Intel,HD Graphics
1310,Dell,Notebook,Windows 10,0,0,0,0,0,0,100.45466986113651,2,2.2,0,1,0,0,500,Intel,CELERON,1.6,Intel,HD Graphics
1036,HP,Notebook,Windows 10,1,1,0,0,0,0,165.6321180513006,8,1.11,1,0,0,0,256,Intel,I5,2.5,Intel,HD Graphics
593,HP,Gaming,Windows 10,1,1,0,0,0,0,127.33567457123111,16,3.78,1,1,0,0,1280,Intel,I7,2.8,Nvidia,GeForce
223,Dell,Ultrabook,Windows 10,1,0,0,0,0,0,157.3505121487356,8,1.6,1,0,0,0,256,Intel,I5,1.6,Intel,HD Graphics
137,HP,Notebook,Windows 10,0,0,0,0,0,0,100.45466986113651,8,2.05,0,1,0,0,1024,Intel,I7,2.7,Intel,HD Graphics
1282,Dell,Notebook,Windows 10,0,0,0,0,0,0,100.45466986113651,2,2.2,0,1,0,0,500,Intel,CELERON,1.6,Intel,HD Graphics
1292,Asus,Notebook,Windows 10,0,0,0,0,0,0,100.45466986113651,4,2.2,0,1,0,0,500,Intel,CELERON,1.6,Intel,HD Graphics
155,Lenovo,Notebook,Windows 10,0,0,0,0,0,0,100.45466986113651,4,1.9,1,0,0,0,128,Intel,I5,2.5,Intel,HD Graphics
701,Lenovo,2 in 1 Convertible,Windows 10,0,0,1,0,0,0,209.8006828649808,8,1.42,1,0,0,0,256,Intel,I7,2.7,Intel,HD Graphics
337,Toshiba,Notebook,Windows 10,1,1,0,0,0,0,141.21199808219862,8,2.0,1,0,0,0,256,Intel,I5,2.5,Intel,HD Graphics
468,Acer,Netbook,Windows 10,0,0,0,0,0,0,135.0942111925629,4,1.4,1,0,0,0,128,Intel,CELERON,1.6,Intel,HD Graphics
76,Acer,Notebook,Windows 10,0,0,0,0,0,0,111.93520355955211,8,2.1,0,1,0,0,1024,Intel,I3,2.0,Intel,HD Graphics
269,Dell,Notebook,Windows 10,1,0,0,0,0,0,141.21199808219862,8,2.24,0,1,0,0,1024,Intel,I5,2.5,AMD,Radeon
795,MSI,Gaming,Windows 10,1,0,0,0,0,0,141.21199808219862,8,2.2,1,1,0,0,1152,Intel,I5,2.5,Nvidia,GeForce
1240,HP,Notebook,Windows 10,1,0,0,0,0,0,141.21199808219862,6,2.1,0,1,0,0,1024,AMD,Other,2.7,AMD,Radeon
980,Dell,Notebook,Windows 10,0,0,0,0,0,0,100.45466986113651,4,1.9,0,1,0,0,500,Intel,I5,2.5,Intel,HD Graphics
630,Fujitsu,Notebook,Windows 10,0,0,0,0,0,0,100.45466986113651,8,2.2,1,0,0,0,256,Intel,I5,2.5,Intel,HD Graphics
587,Mediacom,Notebook,Windows 10,1,1,0,0,0,0,157.3505121487356,4,1.45,1,0,0,0,32,Intel,CELERON,1.1,Intel,HD Graphics
643,Asus,Notebook,Windows 10,1,0,0,0,0,0,141.21199808219862,8,1.99,0,1,0,0,1024,Intel,I5,2.5,Nvidia,GeForce
187,Toshiba,Notebook,Windows 10,0,0,0,0,0,0,100.45466986113651,8,2.0,1,0,0,0,128,Intel,I5,2.5,Intel,HD Graphics
423,Dell,Notebook,Windows 10,0,0,0,0,0,0,117.82653006268643,4,1.65,1,0,0,0,128,Intel,I3,2.0,Intel,HD Graphics
745,Dell,2 in 1 Convertible,Windows 10,1,0,1,0,0,0,165.6321180513006,8,1.55,0,1,0,0,1024,Intel,I5,1.6,Intel,HD Graphics
263,MSI,Gaming,Windows 10,1,0,0,0,0,0,127.33567457123111,16,4.14,1,1,0,0,1536,Intel,I7,2.8,Nvidia,GeForce
441,Lenovo,Notebook,Windows 10,1,0,0,0,0,0,141.21199808219862,16,2.5,1,0,0,0,512,Intel,I7,2.9,Nvidia,Quadro
178,HP,Notebook,Windows 10,1,0,0,0,0,0,127.33567457123111,8,2.5,1,0,0,0,256,Intel,I5,1.6,Nvidia,GeForce
826,HP,Netbook,Chrome OS,0,0,0,0,0,0,135.0942111925629,4,1.23,0,0,1,0,16,Intel,CELERON,1.6,Intel,HD Graphics
1119,Lenovo,Gaming,Windows 10,1,0,0,0,0,0,141.21199808219862,16,2.4,1,0,0,0,512,Intel,I7,2.8,Nvidia,GeForce
600,Samsung,Notebook,Windows 10,1,0,0,0,0,0,141.21199808219862,16,2.5,1,1,0,0,1152,Intel,I7,2.8,Nvidia,GeForce
132,HP,Notebook,Windows 10,1,0,0,0,0,0,127.33567457123111,8,2.5,1,0,0,0,256,Intel,I5,1.6,Intel,HD Graphics
324,Acer,Notebook,Windows 10,0,0,0,0,0,0,135.0942111925629,4,1.4,0,0,1,0,128,Intel,PENTIUM,1.6,Intel,HD Graphics
781,Toshiba,Notebook,Windows 10,0,1,0,0,0,0,111.93520355955211,4,1.75,1,0,0,0,128,Intel,I5,2.3,Intel,HD Graphics
110,Asus,Ultrabook,Windows 10,1,1,0,0,0,0,157.3505121487356,8,1.3,1,0,0,0,256,Intel,I7,2.7,Nvidia,GeForce
180,Acer,Notebook,Windows 10,0,0,0,0,0,0,100.45466986113651,4,2.1,1,0,0,0,128,Intel,I3,2.0,Intel,HD Graphics
1187,MSI,Gaming,Windows 10,1,1,0,0,0,0,141.21199808219862,8,2.2,0,1,0,0,1024,Intel,I7,2.7,Nvidia,GeForce
467,Acer,Notebook,Windows 10,1,0,0,0,0,0,141.21199808219862,4,2.23,0,1,0,0,1024,Intel,I3,2.0,Nvidia,GeForce
138,HP,Notebook,Windows 10,1,0,0,0,0,0,157.3505121487356,8,1.63,1,0,0,0,256,Intel,I7,1.8,Intel,HD Graphics
1243,Asus,Notebook,Windows 10,0,0,0,0,0,0,100.45466986113651,4,2.65,0,1,0,0,1024,Intel,PENTIUM,1.6,Intel,HD Graphics
397,Asus,Gaming,Windows 10,1,0,0,0,0,0,127.33567457123111,16,3.0,1,1,0,0,1280,Intel,I7,2.8,Nvidia,GeForce
88,HP,Ultrabook,Windows 10,1,1,0,0,0,0,141.21199808219862,8,1.83,1,0,0,0,256,Intel,I7,1.8,Nvidia,GeForce
45,Dell,2 in 1 Convertible,Windows 10,1,0,1,0,0,0,127.33567457123111,12,2.77,0,1,0,0,1024,Intel,I5,1.6,Nvidia,GeForce
747,Acer,Notebook,Windows 10,0,0,0,0,0,0,100.45466986113651,4,2.4,0,1,0,0,500,Intel,I3,2.0,Intel,HD Graphics
944,Lenovo,Notebook,Windows 10,0,0,0,0,0,0,100.45466986113651,4,2.2,0,1,0,0,1024,Intel,PENTIUM,1.1,Intel,HD Graphics
107,Microsoft,Ultrabook,Windows 10 S,0,0,1,0,0,0,200.84255993695703,8,1.252,1,0,0,0,256,Intel,I5,2.5,Intel,HD Graphics
818,Lenovo,Notebook,Windows 10,1,0,0,0,0,0,141.21199808219862,4,2.4,0,1,0,0,1024,Intel,I5,2.5,Nvidia,GeForce
281,Dell,Notebook,Linux,1,0,0,0,0,0,127.33567457123111,8,2.8,1,1,0,0,1152,Intel,I7,1.8,AMD,Radeon
1219,Lenovo,Notebook,No OS,0,0,0,0,0,0,100.45466986113651,8,2.2,0,1,0,0,500,Intel,I7,2.5,Nvidia,GeForce
1011,Acer,Notebook,Windows 10,0,0,0,0,0,0,100.45466986113651,4,2.4,0,1,0,0,500,Intel,PENTIUM,1.1,Intel,HD Graphics
9,Asus,Ultrabook,Windows 10,1,0,0,0,0,0,157.3505121487356,16,1.3,1,0,0,0,512,Intel,I7,1.8,Nvidia,GeForce
247,Asus,Notebook,No OS,1,0,0,0,0,0,127.33567457123111,8,2.69,1,1,0,0,1152,Intel,I7,2.7,Nvidia,GeForce
25,HP,Ultrabook,Windows 10,1,0,0,0,0,0,141.21199808219862,8,1.91,1,0,0,0,256,Intel,I7,1.8,Intel,HD Graphics
190,Dell,Notebook,Windows 10,0,0,1,1,0,0,282.42399616439724,16,2.06,1,0,0,0,512,Intel,I7,2.8,Nvidia,GeForce
1304,Lenovo,Notebook,Windows 10,0,0,0,0,0,0,111.93520355955211,2,1.5,0,0,1,0,64,Intel,CELERON,1.6,Intel,HD Graphics
1289,Lenovo,2 in 1 Convertible,Windows 10,0,1,1,0,0,1,276.053530085501,16,1.3,1,0,0,0,512,Intel,I7,2.5,Intel,HD Graphics
1053,HP,Notebook,Windows 10,1,0,0,0,0,0,157.3505121487356,8,1.64,1,0,0,0,256,Intel,I5,2.5,Intel,HD Graphics
71,Asus,Gaming,Linux,1,0,0,0,0,0,127.33567457123111,12,3.0,0,1,0,0,1024,Intel,I7,2.8,Nvidia,GeForce
705,Asus,2 in 1 Convertible,Chrome OS,1,0,1,0,0,0,176.23257360658386,4,1.2,0,0,1,0,64,Intel,M3,0.9,Intel,HD Graphics
390,Asus,Ultrabook,Windows 10,1,0,1,0,0,0,165.6321180513006,16,1.1,1,0,0,0,512,Intel,I7,2.7,Intel,HD Graphics
845,Asus,Gaming,Windows 10,1,0,0,0,0,0,127.33567457123111,16,2.9,1,1,0,0,1280,Intel,I7,2.8,Nvidia,GeForce
1298,HP,Notebook,Windows 10,1,0,0,0,0,0,141.21199808219862,6,2.04,0,0,0,1,1024,AMD,Other,2.9,AMD,Radeon
1099,Dell,Notebook,Windows 10,1,0,0,0,0,0,141.21199808219862,8,2.18,1,0,0,0,256,Intel,I5,2.5,Intel,HD Graphics
305,Asus,Notebook,Windows 10,0,0,0,0,0,0,111.93520355955211,4,1.3,1,0,0,0,128,Intel,I3,2.4,Intel,HD Graphics
1065,HP,Notebook,Windows 10,1,1,0,0,0,0,141.21199808219862,8,1.91,0,1,0,0,1024,Intel,I7,2.7,Nvidia,GeForce
631,HP,Notebook,Windows 7,0,0,0,0,0,0,100.45466986113651,4,1.88,0,1,0,0,500,Intel,I5,2.3,Intel,HD Graphics
642,Asus,Notebook,Windows 10,0,0,0,0,0,0,100.45466986113651,8,2.0,0,1,0,0,1024,Intel,CELERON,1.1,Intel,HD Graphics
43,Asus,Notebook,Linux,0,0,0,0,0,0,100.45466986113651,8,2.3,0,1,0,0,1024,Intel,I5,2.5,Nvidia,GeForce
111,MSI,Gaming,Windows 10,1,0,0,0,0,0,141.21199808219862,16,2.2,1,1,0,0,1280,Intel,I7,2.8,Nvidia,GeForce
672,MSI,Gaming,Windows 10,1,0,0,0,0,0,127.33567457123111,8,2.7,1,1,0,0,1152,Intel,I7,2.8,Nvidia,GeForce
1276,Lenovo,Notebook,Windows 7,1,0,0,0,0,0,141.21199808219862,8,2.32,0,0,0,1,1024,Intel,I7,2.5,AMD,Radeon
1241,Dell,Ultrabook,Windows 7,1,0,1,0,0,0,176.23257360658386,8,1.26,1,0,0,0,256,Intel,I5,2.4,Intel,HD Graphics
1014,Acer,Gaming,Windows 10,1,1,0,0,0,0,141.21199808219862,8,2.7,1,1,0,0,1152,Intel,I7,2.8,Nvidia,GeForce
259,Acer,Notebook,Windows 10,1,1,0,0,0,0,127.33567457123111,4,3.0,1,0,0,0,256,Intel,I3,2.7,Nvidia,GeForce
1049,HP,Ultrabook,Windows 10,1,0,0,0,0,0,176.23257360658386,8,1.26,1,0,0,0,256,Intel,I7,2.5,Intel,HD Graphics
563,Mediacom,Notebook,Windows 10,1,1,0,0,0,0,165.6321180513006,4,1.35,0,0,1,0,32,Intel,ATOM,1.44,Intel,HD Graphics
443,HP,Notebook,Windows 10,0,0,0,0,0,0,100.45466986113651,4,2.1,0,1,0,0,500,Intel,CELERON,1.6,Intel,HD Graphics
928,Lenovo,Notebook,Windows 10,1,0,0,0,0,0,165.6321180513006,4,1.44,1,0,0,0,128,Intel,I5,2.5,Intel,HD Graphics
94,HP,Notebook,Windows 10,1,0,0,0,0,0,165.6321180513006,16,1.49,1,0,0,0,512,Intel,I7,1.8,Intel,HD Graphics
338,Asus,Notebook,Windows 10,1,0,0,0,0,0,157.3505121487356,8,2.0,1,1,0,0,1280,Intel,I7,2.7,Intel,HD Graphics
700,HP,Workstation,Windows 10,1,0,0,0,0,0,127.33567457123111,8,3.14,0,1,0,0,500,Intel,I7,2.8,Nvidia,Quadro
1109,HP,Netbook,Windows 7,0,0,0,0,0,0,125.36742798669837,4,2.4,1,0,0,0,128,Intel,I5,2.3,Intel,HD Graphics
613,Toshiba,Notebook,Windows 10,1,1,0,0,0,0,141.21199808219862,8,2.2,1,0,0,0,256,Intel,I7,2.5,Intel,HD Graphics
106,HP,Ultrabook,Windows 10,1,1,0,0,0,0,165.6321180513006,8,1.38,1,0,0,0,256,Intel,I7,2.7,Nvidia,GeForce
580,Lenovo,Notebook,Windows 10,1,0,0,0,0,0,141.21199808219862,8,2.3,1,0,0,0,256,Intel,I5,2.5,Intel,HD Graphics
39,HP,Notebook,Windows 10,0,0,0,0,0,0,100.45466986113651,4,1.86,0,1,0,0,1024,Intel,I5,2.5,Intel,HD Graphics
977,Toshiba,Ultrabook,Windows 10,1,0,1,0,0,0,176.23257360658386,8,1.1,1,0,0,0,512,Intel,I7,2.7,Intel,HD Graphics
85,Lenovo,Notebook,Windows 10,1,0,0,0,0,0,141.21199808219862,4,2.2,1,0,0,0,128,AMD,Other,2.5,AMD,Other
1057,Lenovo,Notebook,Windows 10,1,0,0,0,0,0,141.21199808219862,8,2.3,1,0,0,0,256,Intel,I5,2.3,Intel,HD Graphics
58,Asus,Notebook,Windows 10,0,0,0,0,0,0,100.45466986113651,4,2.0,1,0,0,0,256,Intel,I5,2.5,Intel,HD Graphics
974,Toshiba,Notebook,Windows 10,1,0,0,0,0,0,165.6321180513006,8,1.2,1,0,0,0,256,Intel,I5,2.4,Intel,HD Graphics
1294,Dell,Notebook,Windows 10,0,0,0,0,0,0,100.45466986113651,6,2.3,0,1,0,0,1024,Intel,I3,2.4,Intel,HD Graphics
79,Dell,Notebook,Windows 10,1,0,0,0,0,0,141.21199808219862,8,2.02,1,1,0,0,1152,Intel,I7,1.8,Intel,HD Graphics
1025,HP,Ultrabook,Windows 10,1,0,0,0,0,0,176.23257360658386,4,1.26,0,1,0,0,500,Intel,I5,2.5,Intel,HD Graphics
859,HP,Ultrabook,Windows 10,1,0,0,0,0,0,157.3505121487356,8,1.54,1,0,0,0,512,Intel,I7,2.5,Intel,HD Graphics
139,Lenovo,Notebook,No OS,0,0,0,0,0,0,100.45466986113651,4,1.9,0,1,0,0,1024,Intel,CELERON,1.1,Intel,HD Graphics
486,Toshiba,Notebook,Windows 10,1,1,0,0,0,0,165.6321180513006,8,1.05,1,0,0,0,256,Intel,I5,2.5,Intel,HD Graphics
1052,Dell,Notebook,Windows 7,1,0,0,0,0,0,141.21199808219862,8,2.09,1,0,0,0,256,Intel,I5,2.4,Intel,HD Graphics
790,Asus,Gaming,Windows 10,1,1,0,0,0,0,127.33567457123111,16,4.3,1,1,0,0,1280,Intel,I7,2.6,Nvidia,GeForce
1154,MSI,Gaming,Windows 10,1,0,0,0,0,0,127.33567457123111,16,3.78,1,1,0,0,1280,Intel,I7,2.7,Nvidia,GeForce
930,HP,Notebook,Windows 10,1,0,0,0,0,0,165.6321180513006,8,1.49,1,0,0,0,256,Intel,I5,2.5,Intel,HD Graphics
34,Dell,Ultrabook,Windows 10,0,0,1,0,0,1,276.053530085501,16,1.2,1,0,0,0,512,Intel,I7,1.8,Intel,HD Graphics
286,Dell,Notebook,Linux,1,0,0,0,0,0,141.21199808219862,4,2.25,0,1,0,0,1024,Intel,I3,2.0,AMD,Radeon
1086,HP,Notebook,Windows 10,0,0,0,0,0,0,100.45466986113651,4,2.31,0,1,0,0,500,Intel,I5,2.3,Intel,HD Graphics
834,Toshiba,Notebook,Windows 10,0,0,0,0,0,0,111.93520355955211,4,1.75,1,0,0,0,128,Intel,PENTIUM,2.1,Intel,HD Graphics
1223,Dell,Notebook,Windows 10,1,0,0,0,0,0,141.21199808219862,8,2.36,1,0,0,0,256,Intel,I5,2.5,AMD,Radeon
645,Lenovo,Notebook,Windows 10,0,0,0,0,0,0,111.93520355955211,2,1.42,0,0,1,0,32,Intel,CELERON,1.6,Intel,HD Graphics
234,HP,Notebook,Windows 10,1,0,0,0,0,0,141.21199808219862,8,1.9,0,1,0,0,1024,Intel,I7,2.7,AMD,FirePro
687,Acer,Gaming,Windows 10,1,0,0,0,0,0,141.21199808219862,16,2.5,1,0,0,0,256,Intel,I5,2.5,Nvidia,GeForce
226,Lenovo,2 in 1 Convertible,Windows 10,1,1,0,0,0,0,157.3505121487356,8,1.74,1,0,0,0,256,Intel,I5,1.6,Intel,HD Graphics
409,Lenovo,Notebook,Windows 10,1,1,0,0,0,0,141.21199808219862,8,2.1,1,1,0,0,1280,Intel,I5,1.6,AMD,Radeon
539,Asus,Notebook,Windows 10,0,1,0,1,0,0,282.42399616439724,8,2.0,1,1,0,0,1280,Intel,I7,2.7,Nvidia,GeForce
590,Dell,Notebook,Windows 10,1,0,0,0,0,0,141.21199808219862,16,1.93,1,0,0,0,256,Intel,I7,2.8,Nvidia,GeForce
991,Asus,2 in 1 Convertible,Windows 10,0,0,1,1,0,0,282.42399616439724,16,2.3,1,1,0,0,2560,Intel,I7,2.7,Nvidia,GeForce
1215,Asus,Gaming,Windows 10,1,1,0,0,0,0,127.33567457123111,16,4.3,1,1,0,0,1536,Intel,I7,2.6,Nvidia,GeForce
787,Razer,Gaming,Windows 10,1,0,0,0,0,0,157.3505121487356,16,1.95,1,0,0,0,512,Intel,I7,2.8,Nvidia,GeForce
519,Dell,Notebook,Windows 10,1,0,0,0,0,0,141.21199808219862,8,2.18,0,1,0,0,1024,Intel,I5,2.5,Intel,HD Graphics
333,Asus,Ultrabook,Windows 10,1,0,0,0,0,0,141.21199808219862,8,1.7,1,0,0,0,256,Intel,I7,2.7,Nvidia,GeForce
1041,HP,Notebook,Windows 10,0,0,0,0,0,0,111.93520355955211,4,1.95,0,1,0,0,500,Intel,I5,2.5,Intel,HD Graphics
499,Asus,Gaming,Windows 10,1,0,0,0,0,0,141.21199808219862,8,1.99,1,1,0,0,1152,Intel,I7,2.8,Nvidia,GeForce
391,Lenovo,Ultrabook,Windows 10,0,1,0,0,0,0,209.8006828649808,8,1.13,1,0,0,0,512,Intel,I7,2.7,Intel,HD Graphics
1307,Asus,Ultrabook,Windows 10,1,1,0,0,0,0,165.6321180513006,8,1.2,1,0,0,0,512,Intel,Other,0.9,Intel,HD Graphics
1007,Lenovo,Notebook,Windows 10,1,0,0,0,0,0,141.21199808219862,8,2.3,1,0,0,0,256,Intel,I5,2.3,Intel,HD Graphics
1262,HP,Notebook,Windows 7,1,0,0,0,0,0,157.3505121487356,4,1.54,1,0,0,0,256,Intel,I5,2.3,Intel,HD Graphics
1175,Lenovo,Ultrabook,Windows 7,1,0,0,0,0,0,157.3505121487356,12,1.4,1,0,0,0,512,Intel,I7,2.6,Intel,HD Graphics
945,HP,Ultrabook,Windows 10,1,0,0,0,0,0,176.23257360658386,4,1.26,0,1,0,0,500,Intel,I5,2.3,Intel,HD Graphics
52,Acer,Notebook,Windows 10,1,1,0,0,0,0,141.21199808219862,8,2.2,1,0,0,0,256,Intel,I7,1.8,Nvidia,GeForce
581,Lenovo,Notebook,Windows 10,1,0,0,0,0,0,141.21199808219862,4,2.05,0,1,0,0,500,Intel,I5,1.6,Intel,HD Graphics
640,Lenovo,Notebook,Windows 10,1,0,0,0,0,0,141.21199808219862,4,1.8,1,0,0,0,256,Intel,I5,1.6,Intel,HD Graphics
277,Dell,Notebook,Linux,1,0,0,0,0,0,141.21199808219862,8,2.14,1,0,0,0,256,Intel,I7,1.8,AMD,Radeon
1149,Acer,Notebook,Windows 10,1,0,0,0,0,0,141.21199808219862,4,2.23,0,1,0,0,1024,Intel,I5,2.5,Nvidia,GeForce
521,Xiaomi,Notebook,No OS,1,1,0,0,0,0,141.21199808219862,16,1.95,1,0,0,0,256,Intel,I7,1.8,Nvidia,GeForce
1105,Dell,Notebook,Linux,0,0,0,0,0,0,100.45466986113651,4,2.2,0,1,0,0,500,Intel,PENTIUM,1.6,Intel,HD Graphics
506,Lenovo,Notebook,Windows 10,1,1,0,0,0,0,141.21199808219862,8,2.3,1,0,0,0,256,Intel,I5,2.5,Intel,HD Graphics
134,Dell,Notebook,Windows 10,1,0,0,0,0,0,141.21199808219862,4,2.2,0,1,0,0,1024,Intel,I3,2.0,AMD,Radeon
1309,Acer,Notebook,Linux,0,0,0,0,0,0,100.45466986113651,4,2.4,0,1,0,0,500,Intel,CELERON,1.6,Intel,HD Graphics
904,Lenovo,Ultrabook,Windows 10,1,1,0,0,0,0,157.3505121487356,8,1.32,1,0,0,0,256,Intel,I5,2.5,Intel,HD Graphics
312,Toshiba,Notebook,Windows 10,1,1,0,0,0,0,141.21199808219862,8,2.2,1,0,0,0,256,Intel,I7,2.5,Nvidia,GeForce
1001,Lenovo,Gaming,Windows 10,1,1,0,0,0,0,141.21199808219862,8,2.5,1,1,0,0,1152,Intel,I7,2.8,Nvidia,GeForce
29,Dell,Ultrabook,Windows 10,1,0,0,0,0,0,141.21199808219862,8,1.88,1,0,0,0,512,Intel,I7,1.9,Intel,HD Graphics
1317,Lenovo,2 in 1 Convertible,Windows 10,0,1,1,0,0,1,276.053530085501,16,1.3,1,0,0,0,512,Intel,I7,2.5,Intel,HD Graphics
417,Lenovo,Workstation,Windows 10,1,0,0,0,0,0,141.21199808219862,8,2.67,1,0,0,0,512,Intel,I7,2.8,Nvidia,Quadro
716,Lenovo,Notebook,Windows 10,1,0,0,0,0,0,157.3505121487356,8,1.8,1,0,0,0,256,Intel,I5,2.3,Intel,HD Graphics
1266,Lenovo,Notebook,No OS,1,1,0,0,0,0,141.21199808219862,8,2.3,1,0,0,0,256,Intel,I5,2.5,Intel,HD Graphics
439,Lenovo,Notebook,Windows 10,1,1,0,0,0,0,157.3505121487356,4,1.7,1,0,0,0,128,Intel,I3,2.7,Intel,HD Graphics
191,Lenovo,Gaming,No OS,1,1,0,0,0,0,141.21199808219862,8,2.4,1,0,0,0,256,Intel,I5,2.5,Nvidia,GeForce
367,Asus,Notebook,Windows 10,1,0,0,0,0,0,157.3505121487356,8,2.0,1,0,0,0,256,Intel,I5,2.5,Intel,HD Graphics
1110,Acer,Notebook,Windows 10,1,0,0,0,0,0,141.21199808219862,8,2.4,1,1,0,0,1280,Intel,I5,2.5,Nvidia,GeForce
200,Razer,Gaming,Windows 10,0,0,1,1,0,0,254.67134914246222,32,3.49,1,0,0,0,1024,Intel,I7,2.9,Nvidia,GeForce
786,Acer,Notebook,Windows 10,1,1,0,0,0,0,157.3505121487356,4,1.8,1,0,0,0,128,Intel,I3,2.4,Intel,HD Graphics
706,Toshiba,Ultrabook,Windows 10,1,0,1,0,0,0,165.6321180513006,16,1.36,1,0,0,0,512,Intel,I7,2.5,Intel,HD Graphics
517,Dell,Ultrabook,Windows 10,1,1,1,0,0,0,165.6321180513006,8,1.29,1,0,0,0,128,Intel,I5,2.5,Intel,HD Graphics
572,Dell,Ultrabook,Windows 10,0,1,1,1,0,0,331.2642361026012,8,1.21,1,0,0,0,128,Intel,I5,1.6,Intel,HD Graphics
635,Asus,2 in 1 Convertible,Windows 10,1,0,1,0,0,0,165.6321180513006,6,1.5,0,1,0,0,1024,Intel,I5,2.5,Intel,HD Graphics
1013,HP,Ultrabook,Windows 10,1,0,0,0,0,0,157.3505121487356,8,1.48,1,0,0,0,512,Intel,I7,2.7,Intel,HD Graphics
979,Dell,Notebook,Linux,0,0,0,0,0,0,100.45466986113651,4,2.25,0,1,0,0,1024,Intel,I3,2.0,AMD,Radeon
14,Dell,Notebook,Windows 10,1,0,0,0,0,0,141.21199808219862,4,2.2,1,0,0,0,256,Intel,I3,2.0,AMD,Radeon
810,Asus,Notebook,Windows 10,1,0,0,0,0,0,141.21199808219862,8,2.37,1,0,0,0,256,Intel,I5,2.5,Intel,HD Graphics
1301,Asus,Notebook,Windows 10,0,0,0,0,0,0,100.45466986113651,4,2.2,0,1,0,0,500,Intel,I7,2.5,Nvidia,GeForce
1160,HP,2 in 1 Convertible,Windows 10,1,0,1,0,0,0,165.6321180513006,8,1.48,1,0,0,0,256,Intel,I5,2.4,Intel,HD Graphics
360,Toshiba,Notebook,Windows 10,1,1,0,0,0,0,141.21199808219862,16,2.4,1,0,0,0,512,Intel,I7,2.5,Nvidia,GeForce
146,Toshiba,Notebook,Windows 10,0,0,0,0,0,0,100.45466986113651,4,2.1,0,1,0,0,500,Intel,I5,2.3,Intel,HD Graphics
350,Dell,Ultrabook,Windows 10,1,0,0,0,0,0,165.6321180513006,8,1.2,1,0,0,0,256,Intel,I7,1.8,Intel,HD Graphics
1302,Lenovo,2 in 1 Convertible,Windows 10,1,1,1,0,0,0,157.3505121487356,4,1.8,1,0,0,0,128,Intel,I7,2.5,Intel,HD Graphics
183,HP,2 in 1 Convertible,Windows 10,0,1,1,1,0,0,331.2642361026012,8,1.29,1,0,0,0,256,Intel,I5,1.6,Intel,HD Graphics
1123,HP,Notebook,Windows 10,1,0,0,0,0,0,141.21199808219862,4,2.1,0,1,0,0,1024,AMD,Other,2.5,AMD,Radeon
120,Dell,Notebook,Windows 10,1,1,0,0,0,0,141.21199808219862,8,2.16,1,1,0,0,1280,Intel,I7,1.8,Nvidia,GeForce
1133,Toshiba,Ultrabook,Windows 10,1,0,0,0,0,0,165.6321180513006,16,1.05,1,0,0,0,512,Intel,I7,2.7,Intel,HD Graphics
472,Asus,Notebook,Windows 10,0,0,0,0,0,0,100.45466986113651,4,2.0,0,1,0,0,500,Intel,PENTIUM,1.1,Intel,HD Graphics
163,Toshiba,Notebook,Windows 10,0,0,0,0,0,0,100.45466986113651,4,2.1,0,1,0,0,500,Intel,I3,2.2,Intel,HD Graphics
161,Dell,2 in 1 Convertible,Windows 10,1,0,1,0,0,0,141.21199808219862,8,1.56,1,0,0,0,256,Intel,I7,1.8,Intel,HD Graphics
943,HP,Notebook,Windows 10,0,0,0,0,0,0,111.93520355955211,4,1.95,0,1,0,0,500,Intel,I5,2.3,Intel,HD Graphics
511,Lenovo,Netbook,Chrome OS,0,0,0,0,0,0,135.0942111925629,4,1.25,1,0,0,0,16,Intel,CELERON,1.6,Intel,HD Graphics
540,Mediacom,Notebook,Windows 10,1,1,0,0,0,0,165.6321180513006,4,1.2,1,0,0,0,32,Intel,CELERON,1.1,Intel,HD Graphics
618,Dell,Gaming,Windows 10,1,0,0,0,0,0,141.21199808219862,16,2.59,0,1,0,0,1024,Intel,I7,2.6,Nvidia,GeForce
496,Asus,Ultrabook,Windows 10,1,0,0,0,0,0,176.23257360658386,16,0.91,1,0,0,0,512,Intel,I7,2.7,Intel,HD Graphics
1106,HP,Notebook,No OS,0,0,0,0,0,0,100.45466986113651,4,1.86,0,1,0,0,1024,Intel,I3,2.0,Intel,HD Graphics
1208,Lenovo,Gaming,Windows 10,1,1,0,0,0,0,141.21199808219862,8,2.4,0,1,0,0,1024,Intel,I5,2.5,Nvidia,GeForce
1242,Dell,2 in 1 Convertible,Windows 10,1,0,1,0,0,0,146.86047800548656,4,2.08,0,1,0,0,500,Intel,I3,2.4,Intel,HD Graphics
1058,HP,Notebook,Windows 10,1,0,0,0,0,0,157.3505121487356,4,1.54,0,1,0,0,500,Intel,I5,2.3,Intel,HD Graphics
16,Apple,Ultrabook,macOS,0,1,0,0,1,0,226.98300468106115,8,1.37,1,0,0,0,256,Intel,I5,2.3,Intel,Iris
1132,Razer,Ultrabook,Windows 10,0,0,1,1,0,0,352.4651472131677,8,1.25,1,0,0,0,256,Intel,I7,2.5,Intel,HD Graphics
763,Asus,Notebook,Windows 10,0,0,0,0,0,0,100.45466986113651,4,2.37,1,0,0,0,256,Intel,I7,2.7,Intel,HD Graphics
949,HP,Netbook,Windows 10,1,0,0,0,0,0,176.23257360658386,8,1.26,1,0,0,0,256,Intel,I5,2.3,Intel,HD Graphics
1300,HP,Netbook,Windows 10,0,0,0,0,0,0,135.0942111925629,2,1.17,0,0,1,0,32,Intel,CELERON,1.6,Intel,HD Graphics
1089,Lenovo,Ultrabook,Windows 10,1,1,1,0,0,0,176.23257360658386,8,1.3,1,0,0,0,256,Intel,I7,2.5,Intel,HD Graphics
1218,Dell,Notebook,Windows 10,0,0,0,0,0,0,100.45466986113651,4,2.3,1,0,0,0,128,Intel,I3,2.0,AMD,Radeon
1216,Acer,Notebook,Linux,0,0,0,0,0,0,100.45466986113651,4,2.1,0,1,0,0,1024,Intel,CELERON,2.0,Intel,HD Graphics
1235,Lenovo,Notebook,No OS,0,0,0,0,0,0,106.11306214269258,8,2.8,0,1,0,0,1024,Intel,I5,2.5,Intel,HD Graphics
491,Lenovo,Notebook,Windows 10,0,0,0,0,0,0,100.45466986113651,4,2.3,1,0,0,0,128,Intel,I3,2.0,Intel,HD Graphics
958,Lenovo,2 in 1 Convertible,Windows 10,1,1,1,0,0,0,194.94753717542463,8,1.1,1,0,0,0,256,Intel,Other,1.2,Intel,HD Graphics
413,Toshiba,Ultrabook,Windows 10,1,0,0,0,0,0,165.6321180513006,16,1.2,1,0,0,0,512,Intel,I7,2.5,Intel,HD Graphics
104,HP,Notebook,Windows 10,1,0,0,0,0,0,141.21199808219862,4,2.1,0,1,0,0,500,AMD,Other,1.5,AMD,Radeon
1189,HP,Notebook,Windows 10,1,0,0,0,0,0,141.21199808219862,16,2.1,1,0,0,0,512,Intel,I7,1.8,Intel,HD Graphics
1190,Asus,Notebook,Windows 10,0,0,0,0,0,0,100.45466986113651,4,2.2,0,1,0,0,500,Intel,CELERON,1.6,Intel,HD Graphics
1000,HP,Notebook,Windows 10,1,0,0,0,0,0,141.21199808219862,8,2.04,0,1,0,0,1024,Intel,I5,2.5,Intel,HD Graphics
689,Asus,Notebook,Windows 10,0,0,0,0,0,0,100.45466986113651,4,1.86,1,0,0,0,128,Intel,CELERON,1.1,Intel,HD Graphics
750,Toshiba,Notebook,Windows 10,1,1,1,0,0,0,157.3505121487356,8,1.25,1,0,0,0,256,Intel,I5,2.5,Intel,HD Graphics
660,Dell,Ultrabook,Windows 10,1,0,0,0,0,0,165.6321180513006,8,1.2,1,0,0,0,256,Intel,I5,1.6,Intel,HD Graphics
912,Dell,2 in 1 Convertible,Windows 10,0,0,1,0,0,1,276.053530085501,8,1.24,1,0,0,0,512,Intel,I7,1.3,Intel,HD Graphics
307,Lenovo,Notebook,Windows 10,0,0,0,0,0,0,106.11306214269258,6,2.8,0,1,0,0,1024,Intel,I5,2.5,Nvidia,GeForce
1094,HP,Notebook,Windows 7,1,0,0,0,0,0,141.21199808219862,4,2.31,0,1,0,0,500,Intel,I5,2.3,Intel,HD Graphics
285,Lenovo,Notebook,Windows 10,0,0,0,0,0,0,106.11306214269258,6,2.8,1,1,0,0,1152,Intel,I7,2.7,Nvidia,GeForce
476,Lenovo,Ultrabook,Windows 10,0,1,0,0,0,1,209.8006828649808,12,1.4,1,0,0,0,256,Intel,I7,2.6,Intel,HD Graphics
1199,Lenovo,Ultrabook,Windows 10,1,0,0,0,0,0,141.21199808219862,6,1.54,1,0,0,0,256,Intel,I7,2.7,Nvidia,GeForce
250,Dell,Notebook,Windows 10,1,0,0,0,0,0,141.21199808219862,8,2.2,1,1,0,0,2176,Intel,I7,1.8,AMD,Radeon
471,Lenovo,Notebook,Windows 10,1,0,0,0,0,0,141.21199808219862,8,2.67,1,0,0,0,256,Intel,I7,2.9,Nvidia,Quadro
990,Lenovo,Notebook,Windows 7,0,0,0,0,0,0,111.93520355955211,4,1.7,0,0,0,1,508,Intel,I5,2.3,Intel,HD Graphics
466,HP,Notebook,Windows 10,0,0,0,0,0,0,106.11306214269258,8,2.5,1,0,0,0,256,Intel,I3,2.0,Intel,HD Graphics
157,HP,Ultrabook,Windows 10,1,0,0,0,0,0,157.3505121487356,4,1.48,1,0,0,0,256,Intel,I5,2.7,Intel,HD Graphics
541,Asus,Gaming,Windows 10,1,1,0,0,0,0,141.21199808219862,8,2.3,1,1,0,0,1152,Intel,I5,2.5,Nvidia,GeForce
206,Acer,Notebook,Windows 10,1,0,0,0,0,0,141.21199808219862,8,2.23,0,1,0,0,1024,Intel,I7,2.7,Nvidia,GeForce
81,HP,Notebook,Windows 10,1,0,0,0,0,0,127.33567457123111,8,2.5,1,1,0,0,1152,Intel,I5,1.6,Nvidia,GeForce
1303,Lenovo,2 in 1 Convertible,Windows 10,0,1,1,0,0,1,276.053530085501,16,1.3,1,0,0,0,512,Intel,I7,2.5,Intel,HD Graphics
1003,Dell,Notebook,Windows 10,1,0,0,0,0,0,157.3505121487356,8,1.6,1,0,0,0,128,Intel,I5,2.5,Intel,HD Graphics
1268,Dell,Notebook,Linux,0,0,0,0,0,0,100.45466986113651,4,2.2,0,1,0,0,500,Intel,PENTIUM,1.6,Intel,HD Graphics
1260,Acer,Notebook,Linux,0,0,0,0,0,0,100.45466986113651,4,2.4,0,1,0,0,500,Intel,I3,2.0,Intel,HD Graphics
817,Dell,Gaming,Windows 10,0,0,0,1,0,0,282.42399616439724,16,2.62,1,0,0,0,512,Intel,I7,2.8,Nvidia,GeForce
290,Acer,Notebook,Windows 10,1,1,1,0,0,0,141.21199808219862,12,2.15,0,1,0,0,1024,Intel,I7,2.7,Intel,HD Graphics
648,Lenovo,Gaming,Windows 10,1,1,0,0,0,0,141.21199808219862,8,2.5,1,1,0,0,1152,Intel,I7,2.8,Nvidia,GeForce
801,Lenovo,2 in 1 Convertible,Windows 10,1,1,1,0,0,0,165.6321180513006,8,1.37,1,0,0,0,512,Intel,I7,2.7,Intel,HD Graphics
231,Dell,Notebook,Windows 10,1,0,1,0,0,0,141.21199808219862,16,2.3,0,1,0,0,1024,Intel,I7,2.7,AMD,Radeon
1177,HP,2 in 1 Convertible,Windows 10,0,0,1,0,0,0,220.84282406840083,8,1.48,1,0,0,0,512,Intel,I7,2.6,Intel,HD Graphics
492,Lenovo,Notebook,Windows 10,1,1,0,0,0,0,157.3505121487356,8,1.75,1,0,0,0,256,Intel,I5,1.6,Intel,HD Graphics
734,Dell,Notebook,Windows 10,1,0,0,0,0,0,141.21199808219862,8,2.2,1,1,0,0,1152,Intel,I5,1.6,AMD,Radeon
167,Lenovo,Gaming,Windows 10,1,1,0,0,0,0,141.21199808219862,16,2.5,1,0,0,0,256,Intel,I7,2.8,Nvidia,GeForce
1246,Lenovo,Gaming,Windows 10,1,1,1,0,0,0,141.21199808219862,16,2.6,1,1,0,0,1152,Intel,I7,2.6,Nvidia,GeForce
349,Lenovo,2 in 1 Convertible,Windows 10,0,1,1,1,0,0,316.96506044349616,16,1.4,1,0,0,0,512,Intel,I7,1.8,Intel,HD Graphics
597,Asus,2 in 1 Convertible,Windows 10,0,0,1,0,0,0,100.45466986113651,8,2.2,0,1,0,0,1024,Intel,I5,2.5,Intel,HD Graphics
1139,Asus,Notebook,Windows 10,0,0,0,0,0,0,100.45466986113651,4,2.0,0,1,0,0,1024,Intel,I3,2.4,Intel,HD Graphics
673,Toshiba,Notebook,Windows 10,0,0,0,0,0,0,100.45466986113651,4,2.1,1,0,0,0,128,Intel,I3,2.1,Intel,HD Graphics
1211,Apple,Ultrabook,Mac OS X,0,1,0,0,1,0,226.41554716935852,8,0.92,0,0,1,0,256,Intel,Other,1.1,Intel,HD Graphics
758,HP,Workstation,Windows 7,1,1,0,0,0,0,127.33567457123111,16,3.0,1,0,0,0,256,Intel,XEON,2.9,Nvidia,Quadro
141,Lenovo,Notebook,No OS,1,0,0,0,0,0,141.21199808219862,4,2.2,0,1,0,0,1024,Intel,I5,2.5,Nvidia,GeForce
182,Lenovo,Notebook,Windows 10,1,0,0,0,0,0,141.21199808219862,8,1.9,1,1,0,0,1152,Intel,I5,2.5,AMD,Other
54,HP,Notebook,Windows 10,1,0,0,0,0,0,165.6321180513006,8,1.49,1,0,0,0,512,Intel,I7,1.8,Intel,HD Graphics
576,Lenovo,Notebook,Windows 10,0,0,0,0,0,0,111.93520355955211,4,2.02,0,1,0,0,500,Intel,I5,2.5,Intel,HD Graphics
815,Toshiba,Notebook,Windows 10,0,0,0,0,0,0,100.45466986113651,4,2.1,0,1,0,0,500,Intel,I5,2.3,Intel,HD Graphics
444,Google,Ultrabook,Chrome OS,0,0,1,0,0,0,234.50740003017813,16,1.1,1,0,0,0,512,Intel,I7,1.3,Intel,HD Graphics
371,HP,Notebook,Windows 10,0,0,0,0,0,0,100.45466986113651,8,2.04,0,1,0,0,2048,Intel,PENTIUM,1.6,Intel,HD Graphics
323,HP,Notebook,Windows 10,1,0,0,0,0,0,157.3505121487356,8,1.95,1,0,0,0,256,Intel,I5,2.5,Intel,HD Graphics
1098,HP,Ultrabook,Windows 10,0,1,0,1,0,0,331.2642361026012,16,1.3,1,0,0,0,512,Intel,I7,2.7,Intel,HD Graphics
130,Asus,Notebook,Windows 10 S,0,0,0,0,0,0,111.93520355955211,4,1.65,1,0,0,0,64,AMD,Other,1.5,AMD,Radeon
634,Lenovo,Notebook,No OS,1,0,0,0,0,0,141.21199808219862,4,2.2,1,0,0,0,128,Intel,I5,2.5,Intel,HD Graphics
340,Asus,Gaming,Windows 10,1,0,0,0,0,0,141.21199808219862,8,2.5,1,0,0,0,256,Intel,I7,2.8,Nvidia,GeForce
1222,Asus,Gaming,Windows 10,1,0,0,0,0,0,141.21199808219862,8,2.2,0,1,0,0,1024,Intel,I7,2.6,Nvidia,GeForce
1121,MSI,Gaming,Windows 10,1,0,0,0,0,0,127.33567457123111,8,2.9,1,1,0,0,1152,Intel,I7,2.6,Nvidia,GeForce
837,Acer,Netbook,Chrome OS,0,1,0,0,0,0,135.0942111925629,4,1.35,0,0,1,0,32,Intel,CELERON,1.6,Intel,HD Graphics
545,HP,Gaming,Windows 10,1,0,0,0,0,0,127.33567457123111,12,2.62,0,1,0,0,1024,Intel,I7,2.8,Nvidia,GeForce
916,Lenovo,Notebook,Windows 10,1,1,0,0,0,0,141.21199808219862,8,1.95,1,0,0,0,512,Intel,I5,2.5,Intel,HD Graphics
578,HP,Notebook,Windows 10,0,0,0,0,0,0,111.93520355955211,8,1.94,0,1,0,0,2048,Intel,PENTIUM,1.6,Intel,HD Graphics
996,Lenovo,Notebook,Windows 10,1,0,0,0,0,0,141.21199808219862,6,2.2,1,0,0,0,256,AMD,Other,3.6,AMD,Radeon
770,Dell,Ultrabook,Windows 10,1,0,0,0,0,0,176.23257360658386,16,1.18,1,0,0,0,256,Intel,I7,2.8,Intel,HD Graphics
407,Lenovo,Notebook,Windows 10,0,0,0,0,0,0,100.45466986113651,4,2.2,0,1,0,0,1024,Intel,CELERON,1.1,Intel,HD Graphics
418,Lenovo,Ultrabook,Windows 10,1,1,0,0,0,0,209.8006828649808,8,1.7,1,0,0,0,512,Intel,I7,2.8,Nvidia,GeForce
